CREATE DATABASE  IF NOT EXISTS `instituto` /*!40100 DEFAULT CHARACTER SET latin1 */ /*!80016 DEFAULT ENCRYPTION='N' */;
USE `instituto`;
-- MySQL dump 10.13  Distrib 8.0.18, for Win64 (x86_64)
--
-- Host: 127.0.0.1    Database: instituto
-- ------------------------------------------------------
-- Server version	8.0.18

/*!40101 SET @OLD_CHARACTER_SET_CLIENT=@@CHARACTER_SET_CLIENT */;
/*!40101 SET @OLD_CHARACTER_SET_RESULTS=@@CHARACTER_SET_RESULTS */;
/*!40101 SET @OLD_COLLATION_CONNECTION=@@COLLATION_CONNECTION */;
/*!50503 SET NAMES utf8 */;
/*!40103 SET @OLD_TIME_ZONE=@@TIME_ZONE */;
/*!40103 SET TIME_ZONE='+00:00' */;
/*!40014 SET @OLD_UNIQUE_CHECKS=@@UNIQUE_CHECKS, UNIQUE_CHECKS=0 */;
/*!40014 SET @OLD_FOREIGN_KEY_CHECKS=@@FOREIGN_KEY_CHECKS, FOREIGN_KEY_CHECKS=0 */;
/*!40101 SET @OLD_SQL_MODE=@@SQL_MODE, SQL_MODE='NO_AUTO_VALUE_ON_ZERO' */;
/*!40111 SET @OLD_SQL_NOTES=@@SQL_NOTES, SQL_NOTES=0 */;

--
-- Table structure for table `alumnos`
--

DROP TABLE IF EXISTS `alumnos`;
/*!40101 SET @saved_cs_client     = @@character_set_client */;
/*!50503 SET character_set_client = utf8mb4 */;
CREATE TABLE `alumnos` (
  `id` varchar(10) NOT NULL,
  `NIA` varchar(10) DEFAULT NULL,
  `nombre` varchar(100) DEFAULT NULL,
  `apellido1` varchar(50) DEFAULT NULL,
  `apellido2` varchar(50) DEFAULT NULL,
  `fecha_nac` varchar(10) DEFAULT NULL,
  `municipio_nac` varchar(5) DEFAULT NULL,
  `municipio_nac_ext` varchar(5) DEFAULT NULL,
  `provincia_nac` varchar(5) DEFAULT NULL,
  `pais_nac` varchar(5) DEFAULT NULL,
  `nacionalidad` varchar(5) DEFAULT NULL,
  `sexo` varchar(1) DEFAULT NULL,
  `tipo_doc` varchar(1) DEFAULT NULL,
  `documento` varchar(10) DEFAULT NULL,
  `expediente` varchar(5) DEFAULT NULL,
  `libro_escolaridad` varchar(5) DEFAULT NULL,
  `cod_postal` varchar(5) DEFAULT NULL,
  `tipo_via` varchar(5) DEFAULT NULL,
  `domicilio` varchar(100) DEFAULT NULL,
  `numero` varchar(3) DEFAULT NULL,
  `puerta` varchar(2) DEFAULT NULL,
  `escalera` varchar(2) DEFAULT NULL,
  `letra` varchar(2) DEFAULT NULL,
  `piso` varchar(2) DEFAULT NULL,
  `provincia` varchar(5) DEFAULT NULL,
  `municipio` varchar(5) DEFAULT NULL,
  `localidad` varchar(10) DEFAULT NULL,
  `telefono1` varchar(20) DEFAULT NULL,
  `telefono2` varchar(20) DEFAULT NULL,
  `telefono3` varchar(20) DEFAULT NULL,
  `email1` varchar(50) DEFAULT NULL,
  `email2` varchar(50) DEFAULT NULL,
  `sip` varchar(10) DEFAULT NULL,
  `observaciones` varchar(150) DEFAULT NULL,
  `ampa` varchar(1) DEFAULT NULL,
  `seguro` varchar(1) DEFAULT NULL,
  `dictamen` varchar(10) DEFAULT NULL,
  `fecha_resolucion` varchar(10) DEFAULT NULL,
  `informe_psicoped` varchar(10) DEFAULT NULL,
  `informado_posib` varchar(10) DEFAULT NULL,
  `fecha_matricula` varchar(10) DEFAULT NULL,
  `fecha_ingreso_centro` varchar(10) DEFAULT NULL,
  `estado_matricula` varchar(5) DEFAULT NULL,
  `tipo_matricula` varchar(5) DEFAULT NULL,
  `repite` varchar(5) DEFAULT NULL,
  `num_repeticion` varchar(5) DEFAULT NULL,
  `ensenanza` varchar(2) DEFAULT NULL,
  `curso` varchar(15) DEFAULT NULL,
  `grupo` varchar(10) DEFAULT NULL,
  `turno` varchar(2) DEFAULT NULL,
  `linea` varchar(2) DEFAULT NULL,
  `trabaja` varchar(1) DEFAULT NULL,
  `fuera_comunidad` varchar(1) DEFAULT NULL,
  `matricula_parcial` varchar(1) DEFAULT NULL,
  `matricula_condic` varchar(1) DEFAULT NULL,
  `informe_medico` varchar(1) DEFAULT NULL,
  `banco` varchar(4) DEFAULT NULL,
  `sucursal` varchar(4) DEFAULT NULL,
  `digito_control` varchar(2) DEFAULT NULL,
  `cuenta` varchar(12) DEFAULT NULL,
  `modalidad` varchar(5) DEFAULT NULL,
  `iban` varchar(24) DEFAULT NULL,
  PRIMARY KEY (`id`),
  KEY `curso` (`curso`),
  KEY `grupo` (`grupo`),
  CONSTRAINT `alumnoCurso` FOREIGN KEY (`curso`) REFERENCES `cursos` (`id`) ON DELETE SET NULL ON UPDATE SET NULL,
  CONSTRAINT `alumnoGrupo` FOREIGN KEY (`grupo`) REFERENCES `grupos` (`id`) ON DELETE SET NULL ON UPDATE SET NULL
) ENGINE=InnoDB DEFAULT CHARSET=utf8;
/*!40101 SET character_set_client = @saved_cs_client */;

--
-- Dumping data for table `alumnos`
--

LOCK TABLES `alumnos` WRITE;
/*!40000 ALTER TABLE `alumnos` DISABLE KEYS */;
INSERT INTO `alumnos` VALUES ('10238383','10238383','JOSE ANTONIO','GALÁN','SIMÓ','08/08/1999','17',NULL,NULL,NULL,NULL,'H',NULL,'020866159F',NULL,NULL,NULL,NULL,NULL,NULL,NULL,NULL,NULL,NULL,NULL,NULL,NULL,'644237424',NULL,NULL,'josegalansimo88@gmail.com',NULL,NULL,NULL,NULL,NULL,NULL,NULL,NULL,NULL,NULL,NULL,NULL,NULL,NULL,NULL,NULL,'1949542197','1CFSN',NULL,NULL,NULL,NULL,NULL,NULL,NULL,NULL,NULL,NULL,NULL,NULL,NULL),('11472519','11472519','RAÚL','BOIX','PALOMARES','16/05/1990','250',NULL,NULL,NULL,NULL,'H',NULL,'048412897J',NULL,NULL,NULL,NULL,NULL,NULL,NULL,NULL,NULL,NULL,NULL,NULL,NULL,'675189276',NULL,NULL,'raulboix1990@gmail.com',NULL,NULL,NULL,NULL,NULL,NULL,NULL,NULL,NULL,NULL,NULL,NULL,NULL,NULL,NULL,NULL,'1949542197','1CFSN',NULL,NULL,NULL,NULL,NULL,NULL,NULL,NULL,NULL,NULL,NULL,NULL,NULL);
/*!40000 ALTER TABLE `alumnos` ENABLE KEYS */;
UNLOCK TABLES;

--
-- Table structure for table `contenido`
--

DROP TABLE IF EXISTS `contenido`;
/*!40101 SET @saved_cs_client     = @@character_set_client */;
/*!50503 SET character_set_client = utf8mb4 */;
CREATE TABLE `contenido` (
  `id` int(11) NOT NULL AUTO_INCREMENT,
  `curso` varchar(10) NOT NULL,
  `codigo` varchar(15) NOT NULL,
  `ensenanza` varchar(2) NOT NULL,
  `nombre_cas` varchar(100) NOT NULL,
  `nombre_val` varchar(100) NOT NULL,
  PRIMARY KEY (`id`),
  KEY `curso_rel` (`curso`),
  CONSTRAINT `contenidoCurso` FOREIGN KEY (`curso`) REFERENCES `cursos` (`id`)
) ENGINE=InnoDB AUTO_INCREMENT=1261 DEFAULT CHARSET=utf8;
/*!40101 SET character_set_client = @saved_cs_client */;

--
-- Dumping data for table `contenido`
--

LOCK TABLES `contenido` WRITE;
/*!40000 ALTER TABLE `contenido` DISABLE KEYS */;
INSERT INTO `contenido` VALUES (421,'1949539264','BGLOMCE','3','Biología y Geología','Biologia i Geologia'),(422,'1949539264','VLLLOMCE','3','Valenciano: Lengua y Literatura','Valencià: Llengua i Literatura'),(423,'1949539264','EFLOMCE','3','Educación Física','Educació Física'),(424,'1949539264','FQLOMCE','3','Física y Química','Física i Química'),(425,'1949539264','RELLOMCE','3','Religión','Religió'),(426,'1949539264','GHLOMCE','3','Geografía e Historia','Geografia i Història'),(427,'1949539264','LCLLOMCE','3','Lengua Castellana y Literatura','Llengua Castellana i Literatura'),(428,'1949539264','VELOMCE','3','Valores Éticos','Valors Ètics'),(429,'1949539264','IAEELOMCE','3','Iniciación a la actividad emprendedora y empresarial','Iniciació a l\'activitat emprenedora i empresarial'),(430,'1949539264','MUSLOMCE','3','Música','Música'),(431,'1949539264','MACLOMCE','3','Matemáticas orientadas a las enseñanzas académicas','Matemàtiques orientades a les ensenyances acadèmiques'),(432,'1949539264','TECLOMCE','3','Tecnología','Tecnologia'),(433,'1949539264','SLELOMCE','3','Segunda Lengua Extranjera','Segona Llengua Estrangera'),(434,'1949539264','MAPLOMCE','3','Matemáticas orientadas a las enseñanzas aplicadas','Matemàtiques orientades a las ensenyances aplicades'),(435,'1949539264','EPVALOMCE','3','Educación plástica, visual y audiovisual','Educació plàstica, visual i audiovisual'),(436,'1949539264','PLELOMCE','3','Primera Lengua Extranjera','Primera Llengua Estrangera'),(437,'1949539264','CCLOMCE','3','Cultura Clásica','Cultura Clàssica'),(438,'1949539264','TUTLOMCE','3','Tutoría','Tutoria'),(439,'1949539264','ECOLOMCE','3','Economía','Economia'),(440,'1949539264','LLATLOMCE','3','Latín','Llatí'),(441,'1949539264','CAAPLOMCE','3','Ciencias aplicadas a la actividad profesional','Ciències aplicades a l\'activitat professional'),(442,'1949539264','AEDLOMCE','3','Artes escénicas y Danza','Arts escèniques i Dansa'),(443,'1949539264','CCILOMCE','3','Cultura científica','Cultura científica'),(444,'1949539264','FILLOMCE','3','Filosofía','Filosofia'),(445,'1949539264','TICLOMCE','3','Tecnologías de la información y la comunicación','Tecnologies de la informació i la comunicació'),(446,'1949539264','BGLOMCEEO','3','Biología y Geología','Biologia i Geologia'),(447,'1949539264','FQLOMCEEO','3','Física y Química','Física i Química'),(448,'1949539264','ECOLOMCEEO','3','Economía','Economia'),(449,'1949539264','LLATLOMCEEO','3','Latín','Llatí'),(450,'1949539264','TECLOMCEEO','3','Tecnología','Tecnologia'),(451,'1949539264','CAAPLOMCEEO','3','Ciencias aplicadas a la actividad profesional','Ciències aplicades a l\'activitat professional'),(452,'1949539264','IAEELOMCEEO','3','Iniciación a la actividad emprendedora y empresarial','Iniciació a l\'activitat emprenedora i empresarial'),(453,'1949539264','TESPLOM','3','Tutoría Específica','Tutoria Específica'),(454,'1949539264','TRLOMCE','3','Taller de Refuerzo','Taller de Reforç'),(455,'1949539264','TALOMCE','3','Taller de Profundización','Taller d\'Aprofundiment'),(456,'1949539264','PILOMCE','3','Proyecto Interdisciplinario','Projecte Interdisciplinari'),(457,'1949539264','CCOLOMCE','3','Competencia Comunicativa Oral Primera Lengua Extranjera','Competència Comunicativa Oral Primera Llengua Estrangera'),(458,'1949539245','INFLOMCE','3','Informática','Informàtica'),(459,'1949539245','EFLOMCE','3','Educación Física','Educació Física'),(460,'1949539245','RELLOMCE','3','Religión','Religió'),(461,'1949539245','VELOMCE','3','Valores Éticos','Valors Ètics'),(462,'1949539245','IAEELOMCE','3','Iniciación a la actividad emprendedora y empresarial','Iniciació a l\'activitat emprenedora i empresarial'),(463,'1949539245','IAEELOMCELC','3','Iniciación a la actividad emprendedora y empresarial','Iniciació a l\'activitat emprenedora i empresarial'),(464,'1949539245','MUSLOMCE','3','Música','Música'),(465,'1949539245','TECLOMCE','3','Tecnología','Tecnologia'),(466,'1949539245','SLELOMCE','3','Segunda Lengua Extranjera','Segona Llengua Estrangera'),(467,'1949539245','EPVALOMCE','3','Educación plástica, visual y audiovisual','Educació plàstica, visual i audiovisual'),(468,'1949539245','SLELOMCELC','3','Segunda Lengua Extranjera','Segona Llengua Estrangera'),(469,'1949539245','CCLOMCE','3','Cultura Clásica','Cultura Clàssica'),(470,'1949539245','TUTLOMCE','3','Tutoría','Tutoria'),(471,'1949539245','CCLOMCELC','3','Cultura Clásica','Cultura Clàssica'),(472,'1949539245','TECLOMCELC','3','Tecnología','Tecnologia'),(473,'1949539245','ALSLOMQE','3','Ámbito Lingüístico y Social','Àmbit Lingüístic i Social'),(474,'1949539245','ACMLOMQE','3','Ámbito Científico y Matemático','Àmbit Científic i Matemàtic'),(475,'1949539245','ALELOMQE','3','Ámbito Lenguas Extranjeras','Àmbit Llengües Estrangeres'),(476,'1949539245','TRLOMCE','3','Taller de Refuerzo','Taller de Reforç'),(477,'1949539245','TALOMCE','3','Taller de Profundización','Taller d\'Aprofundiment'),(478,'1949539245','PILOMCE','3','Proyecto Interdisciplinario','Projecte Interdisciplinari'),(479,'1949539245','CCOLOMCE','3','Competencia Comunicativa Oral Primera Lengua Extranjera','Competència Comunicativa Oral Primera Llengua Estrangera'),(480,'1949539224','BGLOMCE','3','Biología y Geología','Biologia i Geologia'),(481,'1949539224','VLLLOMCE','3','Valenciano: Lengua y Literatura','Valencià: Llengua i Literatura'),(482,'1949539224','EFLOMCE','3','Educación Física','Educació Física'),(483,'1949539224','FQLOMCE','3','Física y Química','Física i Química'),(484,'1949539224','RELLOMCE','3','Religión','Religió'),(485,'1949539224','GHLOMCE','3','Geografía e Historia','Geografia i Història'),(486,'1949539224','LCLLOMCE','3','Lengua Castellana y Literatura','Llengua Castellana i Literatura'),(487,'1949539224','VELOMCE','3','Valores Éticos','Valors Ètics'),(488,'1949539224','IAEELOMCE','3','Iniciación a la actividad emprendedora y empresarial','Iniciació a l\'activitat emprenedora i empresarial'),(489,'1949539224','MUSLOMCE','3','Música','Música'),(490,'1949539224','MACLOMCE','3','Matemáticas orientadas a las enseñanzas académicas','Matemàtiques orientades a les ensenyances acadèmiques'),(491,'1949539224','TECLOMCE','3','Tecnología','Tecnologia'),(492,'1949539224','SLELOMCE','3','Segunda Lengua Extranjera','Segona Llengua Estrangera'),(493,'1949539224','MAPLOMCE','3','Matemáticas orientadas a las enseñanzas aplicadas','Matemàtiques orientades a las ensenyances aplicades'),(494,'1949539224','EPVALOMCE','3','Educación plástica, visual y audiovisual','Educació plàstica, visual i audiovisual'),(495,'1949539224','PLELOMCE','3','Primera Lengua Extranjera','Primera Llengua Estrangera'),(496,'1949539224','CCLOMCE','3','Cultura Clásica','Cultura Clàssica'),(497,'1949539224','TUTLOMCE','3','Tutoría','Tutoria'),(498,'1949539224','ECOLOMCE','3','Economía','Economia'),(499,'1949539224','LLATLOMCE','3','Latín','Llatí'),(500,'1949539224','CAAPLOMCE','3','Ciencias aplicadas a la actividad profesional','Ciències aplicades a l\'activitat professional'),(501,'1949539224','AEDLOMCE','3','Artes escénicas y Danza','Arts escèniques i Dansa'),(502,'1949539224','CCILOMCE','3','Cultura científica','Cultura científica'),(503,'1949539224','FILLOMCE','3','Filosofía','Filosofia'),(504,'1949539224','TICLOMCE','3','Tecnologías de la información y la comunicación','Tecnologies de la informació i la comunicació'),(505,'1949539224','BGLOMCEEO','3','Biología y Geología','Biologia i Geologia'),(506,'1949539224','FQLOMCEEO','3','Física y Química','Física i Química'),(507,'1949539224','ECOLOMCEEO','3','Economía','Economia'),(508,'1949539224','LLATLOMCEEO','3','Latín','Llatí'),(509,'1949539224','TECLOMCEEO','3','Tecnología','Tecnologia'),(510,'1949539224','CAAPLOMCEEO','3','Ciencias aplicadas a la actividad profesional','Ciències aplicades a l\'activitat professional'),(511,'1949539224','IAEELOMCEEO','3','Iniciación a la actividad emprendedora y empresarial','Iniciació a l\'activitat emprenedora i empresarial'),(512,'1949539224','TRLOMCE','3','Taller de Refuerzo','Taller de Reforç'),(513,'1949539224','TALOMCE','3','Taller de Profundización','Taller d\'Aprofundiment'),(514,'1949539224','PILOMCE','3','Proyecto Interdisciplinario','Projecte Interdisciplinari'),(515,'1949539224','CCOLOMCE','3','Competencia Comunicativa Oral Primera Lengua Extranjera','Competència Comunicativa Oral Primera Llengua Estrangera'),(516,'1949539212','VLLLOMCE','3','Valenciano: Lengua y Literatura','Valencià: Llengua i Literatura'),(517,'1949539212','INFLOMCE','3','Informática','Informàtica'),(518,'1949539212','EFLOMCE','3','Educación Física','Educació Física'),(519,'1949539212','FQLOMCE','3','Física y Química','Física i Química'),(520,'1949539212','RELLOMCE','3','Religión','Religió'),(521,'1949539212','GHLOMCE','3','Geografía e Historia','Geografia i Història'),(522,'1949539212','LCLLOMCE','3','Lengua Castellana y Literatura','Llengua Castellana i Literatura'),(523,'1949539212','VELOMCE','3','Valores Éticos','Valors Ètics'),(524,'1949539212','IAEELOMCELC','3','Iniciación a la actividad emprendedora y empresarial','Iniciació a l\'activitat emprenedora i empresarial'),(525,'1949539212','MATLOMCE','3','Matemáticas','Matemàtiques'),(526,'1949539212','MUSLOMCE','3','Música','Música'),(527,'1949539212','TECLOMCE','3','Tecnología','Tecnologia'),(528,'1949539212','EPVALOMCE','3','Educación plástica, visual y audiovisual','Educació plàstica, visual i audiovisual'),(529,'1949539212','PLELOMCE','3','Primera Lengua Extranjera','Primera Llengua Estrangera'),(530,'1949539212','SLELOMCELC','3','Segunda Lengua Extranjera','Segona Llengua Estrangera'),(531,'1949539212','TUTLOMCE','3','Tutoría','Tutoria'),(532,'1949539212','CCLOMCELC','3','Cultura Clásica','Cultura Clàssica'),(533,'1949539212','TRLOMCE','3','Taller de Refuerzo','Taller de Reforç'),(534,'1949539212','TALOMCE','3','Taller de Profundización','Taller d\'Aprofundiment'),(535,'1949539212','PILOMCE','3','Proyecto Interdisciplinario','Projecte Interdisciplinari'),(536,'1949539199','BGLOMCE','3','Biología y Geología','Biologia i Geologia'),(537,'1949539199','VLLLOMCE','3','Valenciano: Lengua y Literatura','Valencià: Llengua i Literatura'),(538,'1949539199','INFLOMCE','3','Informática','Informàtica'),(539,'1949539199','EFLOMCE','3','Educación Física','Educació Física'),(540,'1949539199','RELLOMCE','3','Religión','Religió'),(541,'1949539199','RMATLOMCE','3','Refuerzo instrumental Matemáticas','Reforç instrumental Matemàtiques'),(542,'1949539199','RLCLLOMCE','3','Refuerzo instrumental Castellano','Reforç instrumental Castellà'),(543,'1949539199','GHLOMCE','3','Geografía e Historia','Geografia i Història'),(544,'1949539199','RVLLLOMCE','3','Refuerzo instrumental Valenciano','Reforç instrumental Valencià'),(545,'1949539199','LCLLOMCE','3','Lengua Castellana y Literatura','Llengua Castellana i Literatura'),(546,'1949539199','VELOMCE','3','Valores Éticos','Valors Ètics'),(547,'1949539199','IAEELOMCELC','3','Iniciación a la actividad emprendedora y empresarial','Iniciació a l\'activitat emprenedora i empresarial'),(548,'1949539199','MATLOMCE','3','Matemáticas','Matemàtiques'),(549,'1949539199','MUSLOMCE','3','Música','Música'),(550,'1949539199','TECLOMCE','3','Tecnología','Tecnologia'),(551,'1949539199','PLELOMCE','3','Primera Lengua Extranjera','Primera Llengua Estrangera'),(552,'1949539199','SLELOMCELC','3','Segunda Lengua Extranjera','Segona Llengua Estrangera'),(553,'1949539199','TUTLOMCE','3','Tutoría','Tutoria'),(554,'1949539199','CCLOMCELC','3','Cultura Clásica','Cultura Clàssica'),(555,'1949539199','EPVALOMCELC','3','Educación plástica, visual y audiovisual','Educació plàstica, visual i audiovisual'),(556,'1949539199','TRLOMCE','3','Taller de Refuerzo','Taller de Reforç'),(557,'1949539199','TALOMCE','3','Taller de Profundización','Taller d\'Aprofundiment'),(558,'1949539199','PILOMCE','3','Proyecto Interdisciplinario','Projecte Interdisciplinari'),(559,'1949539185','BGLOMCE','3','Biología y Geología','Biologia i Geologia'),(560,'1949539185','VLLLOMCE','3','Valenciano: Lengua y Literatura','Valencià: Llengua i Literatura'),(561,'1949539185','INFLOMCE','3','Informática','Informàtica'),(562,'1949539185','EFLOMCE','3','Educación Física','Educació Física'),(563,'1949539185','FQLOMCE','3','Física y Química','Física i Química'),(564,'1949539185','RELLOMCE','3','Religión','Religió'),(565,'1949539185','GHLOMCE','3','Geografía e Historia','Geografia i Història'),(566,'1949539185','LCLLOMCE','3','Lengua Castellana y Literatura','Llengua Castellana i Literatura'),(567,'1949539185','VELOMCE','3','Valores Éticos','Valors Ètics'),(568,'1949539185','IAEELOMCE','3','Iniciación a la actividad emprendedora y empresarial','Iniciació a l\'activitat emprenedora i empresarial'),(569,'1949539185','IAEELOMCELC','3','Iniciación a la actividad emprendedora y empresarial','Iniciació a l\'activitat emprenedora i empresarial'),(570,'1949539185','MUSLOMCE','3','Música','Música'),(571,'1949539185','MACLOMCE','3','Matemáticas orientadas a las enseñanzas académicas','Matemàtiques orientades a les ensenyances acadèmiques'),(572,'1949539185','TECLOMCE','3','Tecnología','Tecnologia'),(573,'1949539185','SLELOMCE','3','Segunda Lengua Extranjera','Segona Llengua Estrangera'),(574,'1949539185','MAPLOMCE','3','Matemáticas orientadas a las enseñanzas aplicadas','Matemàtiques orientades a las ensenyances aplicades'),(575,'1949539185','EPVALOMCE','3','Educación plástica, visual y audiovisual','Educació plàstica, visual i audiovisual'),(576,'1949539185','PLELOMCE','3','Primera Lengua Extranjera','Primera Llengua Estrangera'),(577,'1949539185','SLELOMCELC','3','Segunda Lengua Extranjera','Segona Llengua Estrangera'),(578,'1949539185','CCLOMCE','3','Cultura Clásica','Cultura Clàssica'),(579,'1949539185','TUTLOMCE','3','Tutoría','Tutoria'),(580,'1949539185','CCLOMCELC','3','Cultura Clásica','Cultura Clàssica'),(581,'1949539185','TECLOMCELC','3','Tecnología','Tecnologia'),(582,'1949539185','TRLOMCE','3','Taller de Refuerzo','Taller de Reforç'),(583,'1949539185','TALOMCE','3','Taller de Profundización','Taller d\'Aprofundiment'),(584,'1949539185','PILOMCE','3','Proyecto Interdisciplinario','Projecte Interdisciplinari'),(585,'1949539185','CCOLOMCE','3','Competencia Comunicativa Oral Primera Lengua Extranjera','Competència Comunicativa Oral Primera Llengua Estrangera'),(586,'1949540513','RELLOMQE','4','Religión','Religió'),(587,'1949540513','TUTLOMQE','4','Tutoría','Tutoria'),(588,'1949540513','HESLOMQE','4','Historia de España','Història d\'Espanya'),(589,'1949540513','LCL2LOMQE','4','Lengua Castellana y Literatura II','Llengua Castellana i Literatura II'),(590,'1949540513','PLE2LOMQE','4','Primera lengua extranjera II','Primera llengua estrangera II'),(591,'1949540513','VLL2LOMQE','4','Valenciano: lengua y literatura II','Valencià: llengua i literatura II'),(592,'1949540513','LLA2LOMQE','4','Latín II','Llatí II'),(593,'1949540513','MATCS2LOMQE','4','Matemáticas aplicadas a las Ciencias Sociales II','Matemàtiques aplicades a les Ciències Socials II'),(594,'1949540513','GRE2LOMQE','4','Griego II','Grec II'),(595,'1949540513','ECOEMLOMQE','4','Economía de la empresa','Economia de l\'empresa'),(596,'1949540513','GEOGLOMQE','4','Geografía','Geografia'),(597,'1949540513','HARTLOMQE','4','Historia del Arte','Història de l\'Art'),(598,'1949540513','HFILLOMQE','4','Historia de la Filosofía','Història de la Filosofia'),(599,'1949540513','AMU2LOMQE','4','Análisis musical II','Anàlisi musical II'),(600,'1949540513','SLE2LOMQE','4','Segunda lengua extranjera II','Segona llengua estrangera II'),(601,'1949540513','TIC2LOMQE','4','Tecnologías de la Información y de la Comunicación II','Tecnologies de la Informació i de la Comunicació II'),(602,'1949540513','TECI2LOMQE','4','Tecnología Industrial II','Tecnologia Industrial II'),(603,'1949540513','CTMLOMQE','4','Ciencias de la Tierra y del Medio Ambiente','Ciències de la Terra i del Medi Ambient'),(604,'1949540513','FAGLOMQE','4','Fundamentos de administración y gestión ','Fonaments d\'administració i gestió'),(605,'1949540513','PSILOMQE','4','Psicología','Psicologia'),(606,'1949540513','TEGLOMQE','4','Técnicas de expresión graficoplástica','Tècniques d\'expressió graficoplàstica'),(607,'1949540513','IMSLOMQE','4','Imagen y Sonido','Imatge i So'),(608,'1949540513','FISLOMQEEO','4','Física','Física'),(609,'1949540513','QUILOMQEEO','4','Química','Química'),(610,'1949540513','DT2LOMQEEO','4','Dibujo Técnico II','Dibuix Tècnic II'),(611,'1949540513','BIOLOMQEEO','4','Biología','Biologia'),(612,'1949540513','GEOLOMQEEO','4','Geología','Geologia'),(613,'1949540513','LLA2LOMQEEO','4','Latín II','Llatí II'),(614,'1949540513','GRE2LOMQEEO','4','Griego II','Grec II'),(615,'1949540513','MATCS2LOMQEO','4','Matemáticas aplicadas a las CCSS II','Matemàtiques aplicades a les CCSS II'),(616,'1949540513','ECOEMLOMQEEO','4','Economía de la empresa','Economia de l\'empresa'),(617,'1949540513','GEOGLOMQEEO','4','Geografía','Geografia'),(618,'1949540513','HARTLOMQEEO','4','Historia del Arte','Història de l\'Art'),(619,'1949540513','HFILLOMQEEO','4','Historia de la Filosofía','Història de la Filosofia'),(620,'1949540513','FA2LOMQEEO','4','Fundamentos del Arte II','Fonaments de l\'Art II'),(621,'1949540513','CA2LOMQEEO','4','Cultura audiovisual II','Cultura audiovisual II'),(622,'1949540513','AELOMQEEO','4','Artes escénicas','Arts escèniques'),(623,'1949540513','DISLOMQEEO','4','Diseño','Disseny'),(624,'1949540513','HMDLOMQE','4','Historia de la Música y de la Danza','Història de la Música i de la Dansa'),(625,'1949540513','DA2LOMQE','4','Dibujo artístico II','Dibuix artístic II'),(626,'1949540513','MAT2LOMQEEO','4','Matemáticas II','Matemàtiques II'),(627,'1949540513','HFILLOMQEEOB','4','Historia de la Filosofía','Història de la Filosofia'),(628,'1949540513','EFSLOMQE','4','Educación Físicodeportiva y Salud','Educació Físicoesportiva i Salut'),(629,'1949540524','FILLOMQE','4','Filosofía','Filosofia'),(630,'1949540524','MATCS1LOMQE','4','Matemáticas aplicadas a las CCSS I','Matemàtiques aplicades a les CCSS I'),(631,'1949540524','ECOLOMQE','4','Economía','Economia'),(632,'1949540524','HMCLOMQE','4','Historia del Mundo Contemporáneo','Història del Món Contemporani'),(633,'1949540524','LCL1LOMQE','4','Lengua Castellana y Literatura I','Llengua Castellana i Literatura I'),(634,'1949540524','LULOMQE','4','Literatura Universal','Literatura Universal'),(635,'1949540524','VLL1LOMQE','4','Valenciano: Lengua y Literatura I','Valencià: Llengua i Literatura I'),(636,'1949540524','PLE1LOMQE','4','Primera Lengua Extranjera I','Primera Llengua Estrangera I'),(637,'1949540524','EFLOMQE','4','Educación Física','Educació Física'),(638,'1949540524','AALOMQE','4','Anatomía Aplicada','Anatomia Aplicada'),(639,'1949540524','CC1LOMQE','4','Cultura Científica ','Cultura Científica '),(640,'1949540524','RELLOMQE','4','Religión','Religió'),(641,'1949540524','LLA1LOMQE','4','Latín I','Llatí I'),(642,'1949540524','AMU1LOMQE','4','Análisis Musical I','Anàlisi Musical I'),(643,'1949540524','GRE1LOMQE','4','Griego I','Grec I'),(644,'1949540524','DA1LOMQE','4','Dibujo Artístico I','Dibuix Artístic I'),(645,'1949540524','LPMLOMQE','4','Lenguaje y Práctica Musical','Llenguatge i Pràctica Musical'),(646,'1949540524','SLE1LOMQE','4','Segunda Lengua Extranjera I','Segona Llengua Estrangera I'),(647,'1949540524','MAT1LOMQEEO','4','Matemáticas I','Matemàtiques I'),(648,'1949540524','FQLOMQEEO','4','Física y Química','Física i Química'),(649,'1949540524','DT1LOMQEEO','4','Dibujo Técnico I','Dibuix Tècnic I'),(650,'1949540524','TECI1LOMQE','4','Tecnología Industrial I','Tecnologia Industrial I'),(651,'1949540524','LLA1LOMQEEO','4','Latín I','Llatí I'),(652,'1949540524','HMCLOMQEEO','4','Historia del Mundo Contemporáneo','Història del Món Contemporani'),(653,'1949540524','BGLOMQEEO','4','Biología y Geología','Biologia i Geologia'),(654,'1949540524','MCS1LOMQEEO','4','Matemáticas aplicadas a las CCSS I','Matemàtiques aplicades a les CCSS I'),(655,'1949540524','GRE1LOMQEEO','4','Griego I','Grec I'),(656,'1949540524','TIC1LOMQE','4','Tecnologías de la Información y la Comunicación I','Tecnologies de la Informació i la Comunicació I'),(657,'1949540524','ECOLOMQEEO','4','Economía','Economia'),(658,'1949540524','LULOMQEEO','4','Literatura Universal','Literatura Universal'),(659,'1949540524','CA1LOMQEEO','4','Cultura Audiovisual I','Cultura Audiovisual I'),(660,'1949540524','FA1LOMQEEO','4','Fundamentos del Arte I','Fonaments de l\'Art I'),(661,'1949540524','VOLLOMQE','4','Volumen','Volum'),(662,'1949540524','TUTLOMQE','4','Tutoría','Tutoria'),(663,'1949540389','FILLOMQE','4','Filosofía','Filosofia'),(664,'1949540389','LCL1LOMQE','4','Lengua Castellana y Literatura I','Llengua Castellana i Literatura I'),(665,'1949540389','VLL1LOMQE','4','Valenciano: Lengua y Literatura I','Valencià: Llengua i Literatura I'),(666,'1949540389','PLE1LOMQE','4','Primera Lengua Extranjera I','Primera Llengua Estrangera I'),(667,'1949540389','MAT1LOMQE','4','Matemáticas I','Matemàtiques I'),(668,'1949540389','EFLOMQE','4','Educación Física','Educació Física'),(669,'1949540389','FQLOMQE','4','Física y Química','Física i Química'),(670,'1949540389','AALOMQE','4','Anatomía Aplicada','Anatomia Aplicada'),(671,'1949540389','DT1LOMQE','4','Dibujo Técnico I','Dibuix Tècnic I'),(672,'1949540389','CC1LOMQE','4','Cultura Científica ','Cultura Científica '),(673,'1949540389','BGLOMQE','4','Biología y Geología','Biologia i Geologia'),(674,'1949540389','RELLOMQE','4','Religión','Religió'),(675,'1949540389','AMU1LOMQE','4','Análisis Musical I','Anàlisi Musical I'),(676,'1949540389','DA1LOMQE','4','Dibujo Artístico I','Dibuix Artístic I'),(677,'1949540389','LPMLOMQE','4','Lenguaje y Práctica Musical','Llenguatge i Pràctica Musical'),(678,'1949540389','SLE1LOMQE','4','Segunda Lengua Extranjera I','Segona Llengua Estrangera I'),(679,'1949540389','DT1LOMQEEO','4','Dibujo Técnico I','Dibuix Tècnic I'),(680,'1949540389','TECI1LOMQE','4','Tecnología Industrial I','Tecnologia Industrial I'),(681,'1949540389','LLA1LOMQEEO','4','Latín I','Llatí I'),(682,'1949540389','HMCLOMQEEO','4','Historia del Mundo Contemporáneo','Història del Món Contemporani'),(683,'1949540389','BGLOMQEEO','4','Biología y Geología','Biologia i Geologia'),(684,'1949540389','MCS1LOMQEEO','4','Matemáticas aplicadas a las CCSS I','Matemàtiques aplicades a les CCSS I'),(685,'1949540389','GRE1LOMQEEO','4','Griego I','Grec I'),(686,'1949540389','TIC1LOMQE','4','Tecnologías de la Información y la Comunicación I','Tecnologies de la Informació i la Comunicació I'),(687,'1949540389','ECOLOMQEEO','4','Economía','Economia'),(688,'1949540389','LULOMQEEO','4','Literatura Universal','Literatura Universal'),(689,'1949540389','CA1LOMQEEO','4','Cultura Audiovisual I','Cultura Audiovisual I'),(690,'1949540389','FA1LOMQEEO','4','Fundamentos del Arte I','Fonaments de l\'Art I'),(691,'1949540389','VOLLOMQE','4','Volumen','Volum'),(692,'1949540389','TUTLOMQE','4','Tutoría','Tutoria'),(693,'1949540403','RELLOMQE','4','Religión','Religió'),(694,'1949540403','TUTLOMQE','4','Tutoría','Tutoria'),(695,'1949540403','HESLOMQE','4','Historia de España','Història d\'Espanya'),(696,'1949540403','LCL2LOMQE','4','Lengua Castellana y Literatura II','Llengua Castellana i Literatura II'),(697,'1949540403','PLE2LOMQE','4','Primera lengua extranjera II','Primera llengua estrangera II'),(698,'1949540403','VLL2LOMQE','4','Valenciano: lengua y literatura II','Valencià: llengua i literatura II'),(699,'1949540403','MAT2LOMQE','4','Matemáticas II','Matemàtiques II'),(700,'1949540403','FISLOMQE','4','Física','Física'),(701,'1949540403','QUILOMQE','4','Química','Química'),(702,'1949540403','DT2LOMQE','4','Dibujo Técnico II','Dibuix Tècnic II'),(703,'1949540403','BIOLOMQE','4','Biología','Biologia'),(704,'1949540403','GEOLOMQE','4','Geología','Geologia'),(705,'1949540403','AMU2LOMQE','4','Análisis musical II','Anàlisi musical II'),(706,'1949540403','SLE2LOMQE','4','Segunda lengua extranjera II','Segona llengua estrangera II'),(707,'1949540403','TIC2LOMQE','4','Tecnologías de la Información y de la Comunicación II','Tecnologies de la Informació i de la Comunicació II'),(708,'1949540403','TECI2LOMQE','4','Tecnología Industrial II','Tecnologia Industrial II'),(709,'1949540403','CTMLOMQE','4','Ciencias de la Tierra y del Medio Ambiente','Ciències de la Terra i del Medi Ambient'),(710,'1949540403','FAGLOMQE','4','Fundamentos de administración y gestión ','Fonaments d\'administració i gestió'),(711,'1949540403','PSILOMQE','4','Psicología','Psicologia'),(712,'1949540403','TEGLOMQE','4','Técnicas de expresión graficoplástica','Tècniques d\'expressió graficoplàstica'),(713,'1949540403','IMSLOMQE','4','Imagen y Sonido','Imatge i So'),(714,'1949540403','FISLOMQEEO','4','Física','Física'),(715,'1949540403','QUILOMQEEO','4','Química','Química'),(716,'1949540403','DT2LOMQEEO','4','Dibujo Técnico II','Dibuix Tècnic II'),(717,'1949540403','BIOLOMQEEO','4','Biología','Biologia'),(718,'1949540403','GEOLOMQEEO','4','Geología','Geologia'),(719,'1949540403','LLA2LOMQEEO','4','Latín II','Llatí II'),(720,'1949540403','GRE2LOMQEEO','4','Griego II','Grec II'),(721,'1949540403','MATCS2LOMQEO','4','Matemáticas aplicadas a las CCSS II','Matemàtiques aplicades a les CCSS II'),(722,'1949540403','ECOEMLOMQEEO','4','Economía de la empresa','Economia de l\'empresa'),(723,'1949540403','GEOGLOMQEEO','4','Geografía','Geografia'),(724,'1949540403','HARTLOMQEEO','4','Historia del Arte','Història de l\'Art'),(725,'1949540403','HFILLOMQEEO','4','Historia de la Filosofía','Història de la Filosofia'),(726,'1949540403','FA2LOMQEEO','4','Fundamentos del Arte II','Fonaments de l\'Art II'),(727,'1949540403','CA2LOMQEEO','4','Cultura audiovisual II','Cultura audiovisual II'),(728,'1949540403','AELOMQEEO','4','Artes escénicas','Arts escèniques'),(729,'1949540403','DISLOMQEEO','4','Diseño','Disseny'),(730,'1949540403','HMDLOMQE','4','Historia de la Música y de la Danza','Història de la Música i de la Dansa'),(731,'1949540403','DA2LOMQE','4','Dibujo artístico II','Dibuix artístic II'),(732,'1949540403','HFILLOMQEEOB','4','Historia de la Filosofía','Història de la Filosofia'),(733,'1949540403','EFSLOMQE','4','Educación Físicodeportiva y Salud','Educació Físicoesportiva i Salut'),(734,'1949542147','TU02CF','5','Tutoría Segundo','Tutoria Segon'),(735,'1949542147','CV0002','5','Inglés Técnico II-M / Horario reservado para la docencia en inglés','Anglés Tècnic II-M / Horari reservat per a la docència en anglés'),(736,'1949542147','0230','5','Empresa e iniciativa emprendedora','Empresa i iniciativa emprenedora'),(737,'1949542147','0228','5','Aplicaciones web','Aplicacions web'),(738,'1949542147','0226','5','Seguridad informática','Seguretat informàtica'),(739,'1949542147','0224','5','Sistemas operativos en red','Sistemes operatius en xarxa'),(740,'1949542147','0231','5','Formación en Centros de Trabajo','Formació en Centres de Treball'),(741,'1949542147','0227','5','Servicios en red','Servicis en xarxa'),(742,'1949542140','TU01CF','5','Tutoría Primero','Tutoria Primer'),(743,'1949542140','CV0001','5','Inglés Técnico I-M / Horario reservado para la docencia en inglés','Anglés Tècnic I-M / Horari reservat per a la docència en anglés'),(744,'1949542140','0225','5','Redes locales','Xarxes locals'),(745,'1949542140','0223','5','Aplicaciones ofimáticas','Aplicacions ofimàtiques'),(746,'1949542140','0221','5','Montaje y mantenimiento de equipos','Muntatge i manteniment d\'equips'),(747,'1949542140','0229','5','Formación y orientación laboral','Formació i orientació laboral'),(748,'1949542140','0222','5','Sistemas operativos monopuesto','Sistemes operatius monolloc'),(749,'1949542076','TU02CF','5','Tutoría Segundo','Tutoria Segon'),(750,'1949542076','3012e','5','Lengua Extranjera II','Llengua Estrangera II'),(751,'1949542076','3012','5','Comunicación y Sociedad II','Comunicació i Societat II'),(752,'1949542076','3012s','5','Ciencias Sociales II','Ciències Socials II'),(753,'1949542076','3012cv','5','Castellano-Valenciano II','Castellà-Valencià II'),(754,'1949542076','CV0006','5','Formación y Orientación Laboral II','Formació i Orientació Laboral II'),(755,'1949542076','3019','5','Ciencias Aplicadas II','Ciències Aplicades II'),(756,'1949542076','3016','5','Instalación y mantenimiento de redes para transmisión de datos','Instal·lació i manteniment de xarxes per a transmissió de dades'),(757,'1949542076','3030','5','Operaciones auxiliares para la configuración y la explotación','Operacions auxiliars per a la configuració i l\'explotació'),(758,'1949542076','3033','5','Formación en centros de trabajo','Formació en centres de treball'),(759,'1949542069','TU01CF','5','Tutoría Primero','Tutoria Primer'),(760,'1949542069','3031','5','Ofimática y archivo de documentos','Ofimàtica i arxiu de documents'),(761,'1949542069','3029','5','Montaje y mantenimiento de sistemas y componentes informáticos','Muntatge i manteniment de sistemes i components informàtics'),(762,'1949542069','CV0005','5','Formación y orientación laboral ','Formació i orientació laboral '),(763,'1949542069','3009','5','Ciencias Aplicadas I','Ciències aplicades I'),(764,'1949542069','3011','5','Comunicación y Sociedad I','Comunicació i societat I'),(765,'1949542069','3011s','5','Ciencias Sociales ','Ciències Socials '),(766,'1949542069','3011e','5','Lengua Extranjera','Llengua Estrangera'),(767,'1949542069','3011cv','5','Castellano-Valenciano','Castellà-Valencià'),(768,'1949542204','TU02CF','5','Tutoría Segundo','Tutoria Segon'),(769,'1949542204','CV0004','5','Inglés Técnico II-S / Horario reservado para la docencia en inglés','Anglés Tècnic II-S / Horari reservat per a la docència en anglés'),(770,'1949542204','0495','5','Formación en centros de trabajo','Formació en centres de treball'),(771,'1949542204','0492','5','Proyecto de desarrollo de aplicaciones multiplataforma','Projecte de desenrotllament d\'aplicacions multiplataforma'),(772,'1949542204','0494','5','Empresa e iniciativa emprendedora','Empresa i iniciativa emprenedora'),(773,'1949542204','0491','5','Sistemas de gestión empresarial','Sistemes de gestió empresarial'),(774,'1949542204','0490','5','Programación de servicios y procesos','Programació de servicis i processos'),(775,'1949542204','0489','5','Programación multimedia y dispositivos móviles','Programació multimèdia i dispositius mòbils'),(776,'1949542204','0488','5','Desarrollo de interfaces','Desenrotllament d\'interfícies'),(777,'1949542204','0486','5','Acceso a datos','Accés a dades'),(778,'1949542197','TU01CF','5','Tutoría Primero','Tutoria Primer'),(779,'1949542197','CV0003','5','Inglés Técnico I-S / Horario reservado para la docencia en inglés','Inglés Técnico I-S / Horario reservado para la docencia en inglés'),(780,'1949542197','0373','5','Lenguajes de marcas y sistemas de gestión de información','Llenguatges de marques i sistemes de gestió d\'informació'),(781,'1949542197','0487','5','Entornos de desarrollo','Entorns de desenrotllament'),(782,'1949542197','0485','5','Programación','Programació'),(783,'1949542197','0484','5','Bases de Datos','Bases de Dades'),(784,'1949542197','0483','5','Sistemas informáticos','Sistemes informàtics'),(785,'1949542197','0493','5','Formación y orientación laboral','Formació i orientació laboral'),(786,'1949545378','TU02CF','5','Tutoría Segundo','Tutoria Segon'),(787,'1949545378','3018','5','Formación en centros de trabajo','Formació en centres de treball'),(788,'1949545378','3018s','5','Formación en centros de trabajo (UF2)','Formació en centres de treball (UF2)'),(789,'1949545378','3012e','5','Lengua Extranjera II','Llengua Estrangera II'),(790,'1949545378','3012','5','Comunicación y Sociedad II','Comunicació i Societat II'),(791,'1949545378','3012s','5','Ciencias Sociales II','Ciències Socials II'),(792,'1949545378','3012cv','5','Castellano-Valenciano II','Castellà-Valencià II'),(793,'1949545378','CV0006','5','Formación y Orientación Laboral II','Formació i Orientació Laboral II'),(794,'1949545378','3019','5','Ciencias Aplicadas II','Ciències Aplicades II'),(795,'1949545378','3016','5','Instalación y mantenimiento de redes para transmisión de datos','Instal·lació i manteniment de xarxes per a transmissió de dades'),(796,'1949545378','3014','5','Instalaciones de telecomunicaciones','Instal·lacions de telecomunicacions'),(797,'1949545371','TU01CF','5','Tutoría Primero','Tutoria Primer'),(798,'1949545371','CV0005','5','Formación y orientación laboral ','Formació i orientació laboral '),(799,'1949545371','3015','5','Equipos eléctricos y electrónicos','Equips elèctrics i electrònics.'),(800,'1949545371','3013','5','Instalaciones eléctricas y domóticas','Instal.lacions elèctriques i domòtiques'),(801,'1949545371','3009','5','Ciencias Aplicadas I','Ciències aplicades I'),(802,'1949545371','3011','5','Comunicación y Sociedad I','Comunicació i societat I'),(803,'1949545371','3011s','5','Ciencias Sociales ','Ciències Socials '),(804,'1949545371','3011e','5','Lengua Extranjera','Llengua Estrangera'),(805,'1949545371','3011cv','5','Castellano-Valenciano','Castellà-Valencià'),(806,'1949545371','3018p','5','Formación en centros de trabajo (UF1)','Formació en centres de treball (UF1)'),(807,'1949544417','TU02CF','5','Tutoría Segundo','Tutoria Segon'),(808,'1949544417','CV0004','5','Inglés Técnico II-S / Horario reservado para la docencia en inglés','Anglés Tècnic II-S / Horari reservat per a la docència en anglés'),(809,'1949544417','0655','5','Gestión logística y comercial','Gestió logística i comercial'),(810,'1949544417','0657','5','Proyecto de Administración y Finanzas','Projecte d\'Administració i finances'),(811,'1949544417','0652','5','Gestión de recursos humanos','Gestió de recursos humans'),(812,'1949544417','0653','5','Gestión financiera','Gestió financera '),(813,'1949544417','0656','5','Simulación empresarial','Simulació empresarial'),(814,'1949544417','0660','5','Formación en Centros de Trabajo','Formació en Centres de Treball'),(815,'1949544417','0654','5','Contabilidad y fiscalidad','Comptabilitat i fiscalitat'),(816,'1949544424','TU01CF','5','Tutoría Primero','Tutoria Primer'),(817,'1949544424','CV0003','5','Inglés Técnico I-S / Horario reservado para la docencia en inglés','Inglés Técnico I-S / Horario reservado para la docencia en inglés'),(818,'1949544424','0179','5','Inglés','Anglés'),(819,'1949544424','0651','5','Comunicación y atención al cliente','Comunicació i atenció al client'),(820,'1949544424','0658','5','Formación y orientación laboral','Formació i orientació laboral'),(821,'1949544424','0650','5','Proceso integral de la actividad comercial','Procés integral de l\'activitat comercial'),(822,'1949544424','0648','5','Recursos humanos y responsabilidad social corporativa','Recursos humans i responsabilitat social corporativa '),(823,'1949544424','0649','5','Ofimática y proceso de la información','Ofimàtica i procés de la informació'),(824,'1949544424','0647','5','Gestión de la documentación jurídica y empresarial','Gestió de la documentació jurídica i empresarial'),(825,'1949544340','TU02CF','5','Tutoría Segundo','Tutoria Segon'),(826,'1949544340','CV0002','5','Inglés Técnico II-M / Horario reservado para la docencia en inglés','Anglés Tècnic II-M / Horari reservat per a la docència en anglés'),(827,'1949544340','0446','5','Empresa en el aula','Empresa en l\'aula'),(828,'1949544340','0443','5','Tratamiento de la documentación contable','Tractament de la documentació comptable'),(829,'1949544340','0442','5','Operaciones administrativas de recursos humanos','Operacions administratives de recursos humans'),(830,'1949544340','0451','5','Formación en centros de trabajo','Formació en centres de treball'),(831,'1949544340','0448','5','Operaciones auxiliares de gestión de tesorería','Operacions auxiliars de gestió de tresoreria'),(832,'1949544333','TU01CF','5','Tutoría Primero','Tutoria Primer'),(833,'1949544333','CV0001','5','Inglés Técnico I-M / Horario reservado para la docencia en inglés','Anglés Tècnic I-M / Horari reservat per a la docència en anglés'),(834,'1949544333','0437','5','Comunicación empresarial y atención al cliente','Comunicació empresarial i atenció al client'),(835,'1949544333','0449','5','Formación y orientación laboral','Formació i orientació laboral'),(836,'1949544333','0441','5','Técnica contable','Tècnica comptable'),(837,'1949544333','0439','5','Empresa y administración','Empresa i administració'),(838,'1949544333','0438','5','Operaciones administrativa de compra-venta','Operacions administrativa de compra-venda'),(839,'1949544333','0440','5','Tratamiento informático de la información ','Tractament informàtic de la informació '),(840,'1949544333','0156','5','Inglés','Anglés'),(841,'2453583305','BGLOMCE','3','Biología y Geología','Biologia i Geologia'),(842,'2453583305','VLLLOMCE','3','Valenciano: Lengua y Literatura','Valencià: Llengua i Literatura'),(843,'2453583305','EFLOMCE','3','Educación Física','Educació Física'),(844,'2453583305','FQLOMCE','3','Física y Química','Física i Química'),(845,'2453583305','RELLOMCE','3','Religión','Religió'),(846,'2453583305','GHLOMCE','3','Geografía e Historia','Geografia i Història'),(847,'2453583305','LCLLOMCE','3','Lengua Castellana y Literatura','Llengua Castellana i Literatura'),(848,'2453583305','VELOMCE','3','Valores Éticos','Valors Ètics'),(849,'2453583305','IAEELOMCE','3','Iniciación a la actividad emprendedora y empresarial','Iniciació a l\'activitat emprenedora i empresarial'),(850,'2453583305','MUSLOMCE','3','Música','Música'),(851,'2453583305','MACLOMCE','3','Matemáticas orientadas a las enseñanzas académicas','Matemàtiques orientades a les ensenyances acadèmiques'),(852,'2453583305','TECLOMCE','3','Tecnología','Tecnologia'),(853,'2453583305','SLELOMCE','3','Segunda Lengua Extranjera','Segona Llengua Estrangera'),(854,'2453583305','MAPLOMCE','3','Matemáticas orientadas a las enseñanzas aplicadas','Matemàtiques orientades a las ensenyances aplicades'),(855,'2453583305','EPVALOMCE','3','Educación plástica, visual y audiovisual','Educació plàstica, visual i audiovisual'),(856,'2453583305','PLELOMCE','3','Primera Lengua Extranjera','Primera Llengua Estrangera'),(857,'2453583305','CCLOMCE','3','Cultura Clásica','Cultura Clàssica'),(858,'2453583305','TUTLOMCE','3','Tutoría','Tutoria'),(859,'2453583305','ECOLOMCE','3','Economía','Economia'),(860,'2453583305','LLATLOMCE','3','Latín','Llatí'),(861,'2453583305','CAAPLOMCE','3','Ciencias aplicadas a la actividad profesional','Ciències aplicades a l\'activitat professional'),(862,'2453583305','AEDLOMCE','3','Artes escénicas y Danza','Arts escèniques i Dansa'),(863,'2453583305','CCILOMCE','3','Cultura científica','Cultura científica'),(864,'2453583305','FILLOMCE','3','Filosofía','Filosofia'),(865,'2453583305','TICLOMCE','3','Tecnologías de la información y la comunicación','Tecnologies de la informació i la comunicació'),(866,'2453583305','BGLOMCEEO','3','Biología y Geología','Biologia i Geologia'),(867,'2453583305','FQLOMCEEO','3','Física y Química','Física i Química'),(868,'2453583305','ECOLOMCEEO','3','Economía','Economia'),(869,'2453583305','LLATLOMCEEO','3','Latín','Llatí'),(870,'2453583305','TECLOMCEEO','3','Tecnología','Tecnologia'),(871,'2453583305','CAAPLOMCEEO','3','Ciencias aplicadas a la actividad profesional','Ciències aplicades a l\'activitat professional'),(872,'2453583305','IAEELOMCEEO','3','Iniciación a la actividad emprendedora y empresarial','Iniciació a l\'activitat emprenedora i empresarial'),(873,'2453583305','TESPLOM','3','Tutoría Específica','Tutoria Específica'),(874,'2453583305','TRLOMCE','3','Taller de Refuerzo','Taller de Reforç'),(875,'2453583305','TALOMCE','3','Taller de Profundización','Taller d\'Aprofundiment'),(876,'2453583305','PILOMCE','3','Proyecto Interdisciplinario','Projecte Interdisciplinari'),(877,'2453583305','CCOLOMCE','3','Competencia Comunicativa Oral Primera Lengua Extranjera','Competència Comunicativa Oral Primera Llengua Estrangera'),(878,'2453583284','INFLOMCE','3','Informática','Informàtica'),(879,'2453583284','EFLOMCE','3','Educación Física','Educació Física'),(880,'2453583284','RELLOMCE','3','Religión','Religió'),(881,'2453583284','VELOMCE','3','Valores Éticos','Valors Ètics'),(882,'2453583284','IAEELOMCE','3','Iniciación a la actividad emprendedora y empresarial','Iniciació a l\'activitat emprenedora i empresarial'),(883,'2453583284','IAEELOMCELC','3','Iniciación a la actividad emprendedora y empresarial','Iniciació a l\'activitat emprenedora i empresarial'),(884,'2453583284','MUSLOMCE','3','Música','Música'),(885,'2453583284','TECLOMCE','3','Tecnología','Tecnologia'),(886,'2453583284','SLELOMCE','3','Segunda Lengua Extranjera','Segona Llengua Estrangera'),(887,'2453583284','EPVALOMCE','3','Educación plástica, visual y audiovisual','Educació plàstica, visual i audiovisual'),(888,'2453583284','SLELOMCELC','3','Segunda Lengua Extranjera','Segona Llengua Estrangera'),(889,'2453583284','CCLOMCE','3','Cultura Clásica','Cultura Clàssica'),(890,'2453583284','TUTLOMCE','3','Tutoría','Tutoria'),(891,'2453583284','CCLOMCELC','3','Cultura Clásica','Cultura Clàssica'),(892,'2453583284','TECLOMCELC','3','Tecnología','Tecnologia'),(893,'2453583284','ALSLOMQE','3','Ámbito Lingüístico y Social','Àmbit Lingüístic i Social'),(894,'2453583284','ACMLOMQE','3','Ámbito Científico y Matemático','Àmbit Científic i Matemàtic'),(895,'2453583284','ALELOMQE','3','Ámbito Lenguas Extranjeras','Àmbit Llengües Estrangeres'),(896,'2453583284','TRLOMCE','3','Taller de Refuerzo','Taller de Reforç'),(897,'2453583284','TALOMCE','3','Taller de Profundización','Taller d\'Aprofundiment'),(898,'2453583284','PILOMCE','3','Proyecto Interdisciplinario','Projecte Interdisciplinari'),(899,'2453583284','CCOLOMCE','3','Competencia Comunicativa Oral Primera Lengua Extranjera','Competència Comunicativa Oral Primera Llengua Estrangera'),(900,'2453583254','BGLOMCE','3','Biología y Geología','Biologia i Geologia'),(901,'2453583254','VLLLOMCE','3','Valenciano: Lengua y Literatura','Valencià: Llengua i Literatura'),(902,'2453583254','EFLOMCE','3','Educación Física','Educació Física'),(903,'2453583254','FQLOMCE','3','Física y Química','Física i Química'),(904,'2453583254','RELLOMCE','3','Religión','Religió'),(905,'2453583254','GHLOMCE','3','Geografía e Historia','Geografia i Història'),(906,'2453583254','LCLLOMCE','3','Lengua Castellana y Literatura','Llengua Castellana i Literatura'),(907,'2453583254','VELOMCE','3','Valores Éticos','Valors Ètics'),(908,'2453583254','IAEELOMCE','3','Iniciación a la actividad emprendedora y empresarial','Iniciació a l\'activitat emprenedora i empresarial'),(909,'2453583254','MUSLOMCE','3','Música','Música'),(910,'2453583254','MACLOMCE','3','Matemáticas orientadas a las enseñanzas académicas','Matemàtiques orientades a les ensenyances acadèmiques'),(911,'2453583254','TECLOMCE','3','Tecnología','Tecnologia'),(912,'2453583254','SLELOMCE','3','Segunda Lengua Extranjera','Segona Llengua Estrangera'),(913,'2453583254','MAPLOMCE','3','Matemáticas orientadas a las enseñanzas aplicadas','Matemàtiques orientades a las ensenyances aplicades'),(914,'2453583254','EPVALOMCE','3','Educación plástica, visual y audiovisual','Educació plàstica, visual i audiovisual'),(915,'2453583254','PLELOMCE','3','Primera Lengua Extranjera','Primera Llengua Estrangera'),(916,'2453583254','CCLOMCE','3','Cultura Clásica','Cultura Clàssica'),(917,'2453583254','TUTLOMCE','3','Tutoría','Tutoria'),(918,'2453583254','ECOLOMCE','3','Economía','Economia'),(919,'2453583254','LLATLOMCE','3','Latín','Llatí'),(920,'2453583254','CAAPLOMCE','3','Ciencias aplicadas a la actividad profesional','Ciències aplicades a l\'activitat professional'),(921,'2453583254','AEDLOMCE','3','Artes escénicas y Danza','Arts escèniques i Dansa'),(922,'2453583254','CCILOMCE','3','Cultura científica','Cultura científica'),(923,'2453583254','FILLOMCE','3','Filosofía','Filosofia'),(924,'2453583254','TICLOMCE','3','Tecnologías de la información y la comunicación','Tecnologies de la informació i la comunicació'),(925,'2453583254','BGLOMCEEO','3','Biología y Geología','Biologia i Geologia'),(926,'2453583254','FQLOMCEEO','3','Física y Química','Física i Química'),(927,'2453583254','ECOLOMCEEO','3','Economía','Economia'),(928,'2453583254','LLATLOMCEEO','3','Latín','Llatí'),(929,'2453583254','TECLOMCEEO','3','Tecnología','Tecnologia'),(930,'2453583254','CAAPLOMCEEO','3','Ciencias aplicadas a la actividad profesional','Ciències aplicades a l\'activitat professional'),(931,'2453583254','IAEELOMCEEO','3','Iniciación a la actividad emprendedora y empresarial','Iniciació a l\'activitat emprenedora i empresarial'),(932,'2453583254','TRLOMCE','3','Taller de Refuerzo','Taller de Reforç'),(933,'2453583254','TALOMCE','3','Taller de Profundización','Taller d\'Aprofundiment'),(934,'2453583254','PILOMCE','3','Proyecto Interdisciplinario','Projecte Interdisciplinari'),(935,'2453583254','CCOLOMCE','3','Competencia Comunicativa Oral Primera Lengua Extranjera','Competència Comunicativa Oral Primera Llengua Estrangera'),(936,'2453583240','VLLLOMCE','3','Valenciano: Lengua y Literatura','Valencià: Llengua i Literatura'),(937,'2453583240','INFLOMCE','3','Informática','Informàtica'),(938,'2453583240','EFLOMCE','3','Educación Física','Educació Física'),(939,'2453583240','FQLOMCE','3','Física y Química','Física i Química'),(940,'2453583240','RELLOMCE','3','Religión','Religió'),(941,'2453583240','GHLOMCE','3','Geografía e Historia','Geografia i Història'),(942,'2453583240','LCLLOMCE','3','Lengua Castellana y Literatura','Llengua Castellana i Literatura'),(943,'2453583240','VELOMCE','3','Valores Éticos','Valors Ètics'),(944,'2453583240','IAEELOMCELC','3','Iniciación a la actividad emprendedora y empresarial','Iniciació a l\'activitat emprenedora i empresarial'),(945,'2453583240','MATLOMCE','3','Matemáticas','Matemàtiques'),(946,'2453583240','MUSLOMCE','3','Música','Música'),(947,'2453583240','TECLOMCE','3','Tecnología','Tecnologia'),(948,'2453583240','EPVALOMCE','3','Educación plástica, visual y audiovisual','Educació plàstica, visual i audiovisual'),(949,'2453583240','PLELOMCE','3','Primera Lengua Extranjera','Primera Llengua Estrangera'),(950,'2453583240','SLELOMCELC','3','Segunda Lengua Extranjera','Segona Llengua Estrangera'),(951,'2453583240','TUTLOMCE','3','Tutoría','Tutoria'),(952,'2453583240','CCLOMCELC','3','Cultura Clásica','Cultura Clàssica'),(953,'2453583240','TRLOMCE','3','Taller de Refuerzo','Taller de Reforç'),(954,'2453583240','TALOMCE','3','Taller de Profundización','Taller d\'Aprofundiment'),(955,'2453583240','PILOMCE','3','Proyecto Interdisciplinario','Projecte Interdisciplinari'),(956,'2453583225','BGLOMCE','3','Biología y Geología','Biologia i Geologia'),(957,'2453583225','VLLLOMCE','3','Valenciano: Lengua y Literatura','Valencià: Llengua i Literatura'),(958,'2453583225','INFLOMCE','3','Informática','Informàtica'),(959,'2453583225','EFLOMCE','3','Educación Física','Educació Física'),(960,'2453583225','RELLOMCE','3','Religión','Religió'),(961,'2453583225','RMATLOMCE','3','Refuerzo instrumental Matemáticas','Reforç instrumental Matemàtiques'),(962,'2453583225','RLCLLOMCE','3','Refuerzo instrumental Castellano','Reforç instrumental Castellà'),(963,'2453583225','GHLOMCE','3','Geografía e Historia','Geografia i Història'),(964,'2453583225','RVLLLOMCE','3','Refuerzo instrumental Valenciano','Reforç instrumental Valencià'),(965,'2453583225','LCLLOMCE','3','Lengua Castellana y Literatura','Llengua Castellana i Literatura'),(966,'2453583225','VELOMCE','3','Valores Éticos','Valors Ètics'),(967,'2453583225','IAEELOMCELC','3','Iniciación a la actividad emprendedora y empresarial','Iniciació a l\'activitat emprenedora i empresarial'),(968,'2453583225','MATLOMCE','3','Matemáticas','Matemàtiques'),(969,'2453583225','MUSLOMCE','3','Música','Música'),(970,'2453583225','TECLOMCE','3','Tecnología','Tecnologia'),(971,'2453583225','PLELOMCE','3','Primera Lengua Extranjera','Primera Llengua Estrangera'),(972,'2453583225','SLELOMCELC','3','Segunda Lengua Extranjera','Segona Llengua Estrangera'),(973,'2453583225','TUTLOMCE','3','Tutoría','Tutoria'),(974,'2453583225','CCLOMCELC','3','Cultura Clásica','Cultura Clàssica'),(975,'2453583225','EPVALOMCELC','3','Educación plástica, visual y audiovisual','Educació plàstica, visual i audiovisual'),(976,'2453583225','TRLOMCE','3','Taller de Refuerzo','Taller de Reforç'),(977,'2453583225','TALOMCE','3','Taller de Profundización','Taller d\'Aprofundiment'),(978,'2453583225','PILOMCE','3','Proyecto Interdisciplinario','Projecte Interdisciplinari'),(979,'2453583206','BGLOMCE','3','Biología y Geología','Biologia i Geologia'),(980,'2453583206','VLLLOMCE','3','Valenciano: Lengua y Literatura','Valencià: Llengua i Literatura'),(981,'2453583206','INFLOMCE','3','Informática','Informàtica'),(982,'2453583206','EFLOMCE','3','Educación Física','Educació Física'),(983,'2453583206','FQLOMCE','3','Física y Química','Física i Química'),(984,'2453583206','RELLOMCE','3','Religión','Religió'),(985,'2453583206','GHLOMCE','3','Geografía e Historia','Geografia i Història'),(986,'2453583206','LCLLOMCE','3','Lengua Castellana y Literatura','Llengua Castellana i Literatura'),(987,'2453583206','VELOMCE','3','Valores Éticos','Valors Ètics'),(988,'2453583206','IAEELOMCE','3','Iniciación a la actividad emprendedora y empresarial','Iniciació a l\'activitat emprenedora i empresarial'),(989,'2453583206','IAEELOMCELC','3','Iniciación a la actividad emprendedora y empresarial','Iniciació a l\'activitat emprenedora i empresarial'),(990,'2453583206','MUSLOMCE','3','Música','Música'),(991,'2453583206','MACLOMCE','3','Matemáticas orientadas a las enseñanzas académicas','Matemàtiques orientades a les ensenyances acadèmiques'),(992,'2453583206','TECLOMCE','3','Tecnología','Tecnologia'),(993,'2453583206','SLELOMCE','3','Segunda Lengua Extranjera','Segona Llengua Estrangera'),(994,'2453583206','MAPLOMCE','3','Matemáticas orientadas a las enseñanzas aplicadas','Matemàtiques orientades a las ensenyances aplicades'),(995,'2453583206','EPVALOMCE','3','Educación plástica, visual y audiovisual','Educació plàstica, visual i audiovisual'),(996,'2453583206','PLELOMCE','3','Primera Lengua Extranjera','Primera Llengua Estrangera'),(997,'2453583206','SLELOMCELC','3','Segunda Lengua Extranjera','Segona Llengua Estrangera'),(998,'2453583206','CCLOMCE','3','Cultura Clásica','Cultura Clàssica'),(999,'2453583206','TUTLOMCE','3','Tutoría','Tutoria'),(1000,'2453583206','CCLOMCELC','3','Cultura Clásica','Cultura Clàssica'),(1001,'2453583206','TECLOMCELC','3','Tecnología','Tecnologia'),(1002,'2453583206','TRLOMCE','3','Taller de Refuerzo','Taller de Reforç'),(1003,'2453583206','TALOMCE','3','Taller de Profundización','Taller d\'Aprofundiment'),(1004,'2453583206','PILOMCE','3','Proyecto Interdisciplinario','Projecte Interdisciplinari'),(1005,'2453583206','CCOLOMCE','3','Competencia Comunicativa Oral Primera Lengua Extranjera','Competència Comunicativa Oral Primera Llengua Estrangera'),(1006,'2453584689','RELLOMQE','4','Religión','Religió'),(1007,'2453584689','TUTLOMQE','4','Tutoría','Tutoria'),(1008,'2453584689','HESLOMQE','4','Historia de España','Història d\'Espanya'),(1009,'2453584689','LCL2LOMQE','4','Lengua Castellana y Literatura II','Llengua Castellana i Literatura II'),(1010,'2453584689','PLE2LOMQE','4','Primera lengua extranjera II','Primera llengua estrangera II'),(1011,'2453584689','VLL2LOMQE','4','Valenciano: lengua y literatura II','Valencià: llengua i literatura II'),(1012,'2453584689','LLA2LOMQE','4','Latín II','Llatí II'),(1013,'2453584689','MATCS2LOMQE','4','Matemáticas aplicadas a las Ciencias Sociales II','Matemàtiques aplicades a les Ciències Socials II'),(1014,'2453584689','GRE2LOMQE','4','Griego II','Grec II'),(1015,'2453584689','ECOEMLOMQE','4','Economía de la empresa','Economia de l\'empresa'),(1016,'2453584689','GEOGLOMQE','4','Geografía','Geografia'),(1017,'2453584689','HARTLOMQE','4','Historia del Arte','Història de l\'Art'),(1018,'2453584689','HFILLOMQE','4','Historia de la Filosofía','Història de la Filosofia'),(1019,'2453584689','AMU2LOMQE','4','Análisis musical II','Anàlisi musical II'),(1020,'2453584689','SLE2LOMQE','4','Segunda lengua extranjera II','Segona llengua estrangera II'),(1021,'2453584689','TIC2LOMQE','4','Tecnologías de la Información y de la Comunicación II','Tecnologies de la Informació i de la Comunicació II'),(1022,'2453584689','TECI2LOMQE','4','Tecnología Industrial II','Tecnologia Industrial II'),(1023,'2453584689','CTMLOMQE','4','Ciencias de la Tierra y del Medio Ambiente','Ciències de la Terra i del Medi Ambient'),(1024,'2453584689','FAGLOMQE','4','Fundamentos de administración y gestión ','Fonaments d\'administració i gestió'),(1025,'2453584689','PSILOMQE','4','Psicología','Psicologia'),(1026,'2453584689','TEGLOMQE','4','Técnicas de expresión graficoplástica','Tècniques d\'expressió graficoplàstica'),(1027,'2453584689','IMSLOMQE','4','Imagen y Sonido','Imatge i So'),(1028,'2453584689','FISLOMQEEO','4','Física','Física'),(1029,'2453584689','QUILOMQEEO','4','Química','Química'),(1030,'2453584689','DT2LOMQEEO','4','Dibujo Técnico II','Dibuix Tècnic II'),(1031,'2453584689','BIOLOMQEEO','4','Biología','Biologia'),(1032,'2453584689','GEOLOMQEEO','4','Geología','Geologia'),(1033,'2453584689','LLA2LOMQEEO','4','Latín II','Llatí II'),(1034,'2453584689','GRE2LOMQEEO','4','Griego II','Grec II'),(1035,'2453584689','MATCS2LOMQEO','4','Matemáticas aplicadas a las CCSS II','Matemàtiques aplicades a les CCSS II'),(1036,'2453584689','ECOEMLOMQEEO','4','Economía de la empresa','Economia de l\'empresa'),(1037,'2453584689','GEOGLOMQEEO','4','Geografía','Geografia'),(1038,'2453584689','HARTLOMQEEO','4','Historia del Arte','Història de l\'Art'),(1039,'2453584689','HFILLOMQEEO','4','Historia de la Filosofía','Història de la Filosofia'),(1040,'2453584689','FA2LOMQEEO','4','Fundamentos del Arte II','Fonaments de l\'Art II'),(1041,'2453584689','CA2LOMQEEO','4','Cultura audiovisual II','Cultura audiovisual II'),(1042,'2453584689','AELOMQEEO','4','Artes escénicas','Arts escèniques'),(1043,'2453584689','DISLOMQEEO','4','Diseño','Disseny'),(1044,'2453584689','HMDLOMQE','4','Historia de la Música y de la Danza','Història de la Música i de la Dansa'),(1045,'2453584689','DA2LOMQE','4','Dibujo artístico II','Dibuix artístic II'),(1046,'2453584689','MAT2LOMQEEO','4','Matemáticas II','Matemàtiques II'),(1047,'2453584689','HFILLOMQEEOB','4','Historia de la Filosofía','Història de la Filosofia'),(1048,'2453584689','EFSLOMQE','4','Educación Físicodeportiva y Salud','Educació Físicoesportiva i Salut'),(1049,'2453584709','FILLOMQE','4','Filosofía','Filosofia'),(1050,'2453584709','MATCS1LOMQE','4','Matemáticas aplicadas a las CCSS I','Matemàtiques aplicades a les CCSS I'),(1051,'2453584709','ECOLOMQE','4','Economía','Economia'),(1052,'2453584709','HMCLOMQE','4','Historia del Mundo Contemporáneo','Història del Món Contemporani'),(1053,'2453584709','LCL1LOMQE','4','Lengua Castellana y Literatura I','Llengua Castellana i Literatura I'),(1054,'2453584709','LULOMQE','4','Literatura Universal','Literatura Universal'),(1055,'2453584709','VLL1LOMQE','4','Valenciano: Lengua y Literatura I','Valencià: Llengua i Literatura I'),(1056,'2453584709','PLE1LOMQE','4','Primera Lengua Extranjera I','Primera Llengua Estrangera I'),(1057,'2453584709','EFLOMQE','4','Educación Física','Educació Física'),(1058,'2453584709','AALOMQE','4','Anatomía Aplicada','Anatomia Aplicada'),(1059,'2453584709','CC1LOMQE','4','Cultura Científica ','Cultura Científica '),(1060,'2453584709','RELLOMQE','4','Religión','Religió'),(1061,'2453584709','LLA1LOMQE','4','Latín I','Llatí I'),(1062,'2453584709','AMU1LOMQE','4','Análisis Musical I','Anàlisi Musical I'),(1063,'2453584709','GRE1LOMQE','4','Griego I','Grec I'),(1064,'2453584709','DA1LOMQE','4','Dibujo Artístico I','Dibuix Artístic I'),(1065,'2453584709','LPMLOMQE','4','Lenguaje y Práctica Musical','Llenguatge i Pràctica Musical'),(1066,'2453584709','SLE1LOMQE','4','Segunda Lengua Extranjera I','Segona Llengua Estrangera I'),(1067,'2453584709','MAT1LOMQEEO','4','Matemáticas I','Matemàtiques I'),(1068,'2453584709','FQLOMQEEO','4','Física y Química','Física i Química'),(1069,'2453584709','DT1LOMQEEO','4','Dibujo Técnico I','Dibuix Tècnic I'),(1070,'2453584709','TECI1LOMQE','4','Tecnología Industrial I','Tecnologia Industrial I'),(1071,'2453584709','LLA1LOMQEEO','4','Latín I','Llatí I'),(1072,'2453584709','HMCLOMQEEO','4','Historia del Mundo Contemporáneo','Història del Món Contemporani'),(1073,'2453584709','BGLOMQEEO','4','Biología y Geología','Biologia i Geologia'),(1074,'2453584709','MCS1LOMQEEO','4','Matemáticas aplicadas a las CCSS I','Matemàtiques aplicades a les CCSS I'),(1075,'2453584709','GRE1LOMQEEO','4','Griego I','Grec I'),(1076,'2453584709','TIC1LOMQE','4','Tecnologías de la Información y la Comunicación I','Tecnologies de la Informació i la Comunicació I'),(1077,'2453584709','ECOLOMQEEO','4','Economía','Economia'),(1078,'2453584709','LULOMQEEO','4','Literatura Universal','Literatura Universal'),(1079,'2453584709','CA1LOMQEEO','4','Cultura Audiovisual I','Cultura Audiovisual I'),(1080,'2453584709','FA1LOMQEEO','4','Fundamentos del Arte I','Fonaments de l\'Art I'),(1081,'2453584709','VOLLOMQE','4','Volumen','Volum'),(1082,'2453584709','TUTLOMQE','4','Tutoría','Tutoria'),(1083,'2453584538','FILLOMQE','4','Filosofía','Filosofia'),(1084,'2453584538','LCL1LOMQE','4','Lengua Castellana y Literatura I','Llengua Castellana i Literatura I'),(1085,'2453584538','VLL1LOMQE','4','Valenciano: Lengua y Literatura I','Valencià: Llengua i Literatura I'),(1086,'2453584538','PLE1LOMQE','4','Primera Lengua Extranjera I','Primera Llengua Estrangera I'),(1087,'2453584538','MAT1LOMQE','4','Matemáticas I','Matemàtiques I'),(1088,'2453584538','EFLOMQE','4','Educación Física','Educació Física'),(1089,'2453584538','FQLOMQE','4','Física y Química','Física i Química'),(1090,'2453584538','AALOMQE','4','Anatomía Aplicada','Anatomia Aplicada'),(1091,'2453584538','DT1LOMQE','4','Dibujo Técnico I','Dibuix Tècnic I'),(1092,'2453584538','CC1LOMQE','4','Cultura Científica ','Cultura Científica '),(1093,'2453584538','BGLOMQE','4','Biología y Geología','Biologia i Geologia'),(1094,'2453584538','RELLOMQE','4','Religión','Religió'),(1095,'2453584538','AMU1LOMQE','4','Análisis Musical I','Anàlisi Musical I'),(1096,'2453584538','DA1LOMQE','4','Dibujo Artístico I','Dibuix Artístic I'),(1097,'2453584538','LPMLOMQE','4','Lenguaje y Práctica Musical','Llenguatge i Pràctica Musical'),(1098,'2453584538','SLE1LOMQE','4','Segunda Lengua Extranjera I','Segona Llengua Estrangera I'),(1099,'2453584538','DT1LOMQEEO','4','Dibujo Técnico I','Dibuix Tècnic I'),(1100,'2453584538','TECI1LOMQE','4','Tecnología Industrial I','Tecnologia Industrial I'),(1101,'2453584538','LLA1LOMQEEO','4','Latín I','Llatí I'),(1102,'2453584538','HMCLOMQEEO','4','Historia del Mundo Contemporáneo','Història del Món Contemporani'),(1103,'2453584538','BGLOMQEEO','4','Biología y Geología','Biologia i Geologia'),(1104,'2453584538','MCS1LOMQEEO','4','Matemáticas aplicadas a las CCSS I','Matemàtiques aplicades a les CCSS I'),(1105,'2453584538','GRE1LOMQEEO','4','Griego I','Grec I'),(1106,'2453584538','TIC1LOMQE','4','Tecnologías de la Información y la Comunicación I','Tecnologies de la Informació i la Comunicació I'),(1107,'2453584538','ECOLOMQEEO','4','Economía','Economia'),(1108,'2453584538','LULOMQEEO','4','Literatura Universal','Literatura Universal'),(1109,'2453584538','CA1LOMQEEO','4','Cultura Audiovisual I','Cultura Audiovisual I'),(1110,'2453584538','FA1LOMQEEO','4','Fundamentos del Arte I','Fonaments de l\'Art I'),(1111,'2453584538','VOLLOMQE','4','Volumen','Volum'),(1112,'2453584538','TUTLOMQE','4','Tutoría','Tutoria'),(1113,'2453584551','RELLOMQE','4','Religión','Religió'),(1114,'2453584551','TUTLOMQE','4','Tutoría','Tutoria'),(1115,'2453584551','HESLOMQE','4','Historia de España','Història d\'Espanya'),(1116,'2453584551','LCL2LOMQE','4','Lengua Castellana y Literatura II','Llengua Castellana i Literatura II'),(1117,'2453584551','PLE2LOMQE','4','Primera lengua extranjera II','Primera llengua estrangera II'),(1118,'2453584551','VLL2LOMQE','4','Valenciano: lengua y literatura II','Valencià: llengua i literatura II'),(1119,'2453584551','MAT2LOMQE','4','Matemáticas II','Matemàtiques II'),(1120,'2453584551','FISLOMQE','4','Física','Física'),(1121,'2453584551','QUILOMQE','4','Química','Química'),(1122,'2453584551','DT2LOMQE','4','Dibujo Técnico II','Dibuix Tècnic II'),(1123,'2453584551','BIOLOMQE','4','Biología','Biologia'),(1124,'2453584551','GEOLOMQE','4','Geología','Geologia'),(1125,'2453584551','AMU2LOMQE','4','Análisis musical II','Anàlisi musical II'),(1126,'2453584551','SLE2LOMQE','4','Segunda lengua extranjera II','Segona llengua estrangera II'),(1127,'2453584551','TIC2LOMQE','4','Tecnologías de la Información y de la Comunicación II','Tecnologies de la Informació i de la Comunicació II'),(1128,'2453584551','TECI2LOMQE','4','Tecnología Industrial II','Tecnologia Industrial II'),(1129,'2453584551','CTMLOMQE','4','Ciencias de la Tierra y del Medio Ambiente','Ciències de la Terra i del Medi Ambient'),(1130,'2453584551','FAGLOMQE','4','Fundamentos de administración y gestión ','Fonaments d\'administració i gestió'),(1131,'2453584551','PSILOMQE','4','Psicología','Psicologia'),(1132,'2453584551','TEGLOMQE','4','Técnicas de expresión graficoplástica','Tècniques d\'expressió graficoplàstica'),(1133,'2453584551','IMSLOMQE','4','Imagen y Sonido','Imatge i So'),(1134,'2453584551','FISLOMQEEO','4','Física','Física'),(1135,'2453584551','QUILOMQEEO','4','Química','Química'),(1136,'2453584551','DT2LOMQEEO','4','Dibujo Técnico II','Dibuix Tècnic II'),(1137,'2453584551','BIOLOMQEEO','4','Biología','Biologia'),(1138,'2453584551','GEOLOMQEEO','4','Geología','Geologia'),(1139,'2453584551','LLA2LOMQEEO','4','Latín II','Llatí II'),(1140,'2453584551','GRE2LOMQEEO','4','Griego II','Grec II'),(1141,'2453584551','MATCS2LOMQEO','4','Matemáticas aplicadas a las CCSS II','Matemàtiques aplicades a les CCSS II'),(1142,'2453584551','ECOEMLOMQEEO','4','Economía de la empresa','Economia de l\'empresa'),(1143,'2453584551','GEOGLOMQEEO','4','Geografía','Geografia'),(1144,'2453584551','HARTLOMQEEO','4','Historia del Arte','Història de l\'Art'),(1145,'2453584551','HFILLOMQEEO','4','Historia de la Filosofía','Història de la Filosofia'),(1146,'2453584551','FA2LOMQEEO','4','Fundamentos del Arte II','Fonaments de l\'Art II'),(1147,'2453584551','CA2LOMQEEO','4','Cultura audiovisual II','Cultura audiovisual II'),(1148,'2453584551','AELOMQEEO','4','Artes escénicas','Arts escèniques'),(1149,'2453584551','DISLOMQEEO','4','Diseño','Disseny'),(1150,'2453584551','HMDLOMQE','4','Historia de la Música y de la Danza','Història de la Música i de la Dansa'),(1151,'2453584551','DA2LOMQE','4','Dibujo artístico II','Dibuix artístic II'),(1152,'2453584551','HFILLOMQEEOB','4','Historia de la Filosofía','Història de la Filosofia'),(1153,'2453584551','EFSLOMQE','4','Educación Físicodeportiva y Salud','Educació Físicoesportiva i Salut'),(1154,'2453585988','TU02CF','5','Tutoría Segundo','Tutoria Segon'),(1155,'2453585988','3018','5','Formación en centros de trabajo','Formació en centres de treball'),(1156,'2453585988','3018s','5','Formación en centros de trabajo (UF2)','Formació en centres de treball (UF2)'),(1157,'2453585988','3012e','5','Lengua Extranjera II','Llengua Estrangera II'),(1158,'2453585988','3012','5','Comunicación y Sociedad II','Comunicació i Societat II'),(1159,'2453585988','3012s','5','Ciencias Sociales II','Ciències Socials II'),(1160,'2453585988','3012cv','5','Castellano-Valenciano II','Castellà-Valencià II'),(1161,'2453585988','CV0006','5','Formación y Orientación Laboral II','Formació i Orientació Laboral II'),(1162,'2453585988','3019','5','Ciencias Aplicadas II','Ciències Aplicades II'),(1163,'2453585988','3016','5','Instalación y mantenimiento de redes para transmisión de datos','Instal·lació i manteniment de xarxes per a transmissió de dades'),(1164,'2453585988','3014','5','Instalaciones de telecomunicaciones','Instal·lacions de telecomunicacions'),(1165,'2453585981','TU01CF','5','Tutoría Primero','Tutoria Primer'),(1166,'2453585981','CV0005','5','Formación y orientación laboral ','Formació i orientació laboral '),(1167,'2453585981','3015','5','Equipos eléctricos y electrónicos','Equips elèctrics i electrònics.'),(1168,'2453585981','3013','5','Instalaciones eléctricas y domóticas','Instal.lacions elèctriques i domòtiques'),(1169,'2453585981','3009','5','Ciencias Aplicadas I','Ciències aplicades I'),(1170,'2453585981','3011','5','Comunicación y Sociedad I','Comunicació i societat I'),(1171,'2453585981','3011s','5','Ciencias Sociales ','Ciències Socials '),(1172,'2453585981','3011e','5','Lengua Extranjera','Llengua Estrangera'),(1173,'2453585981','3011cv','5','Castellano-Valenciano','Castellà-Valencià'),(1174,'2453585981','3018p','5','Formación en centros de trabajo (UF1)','Formació en centres de treball (UF1)'),(1175,'2453587668','TU02CF','5','Tutoría Segundo','Tutoria Segon'),(1176,'2453587668','CV0004','5','Inglés Técnico II-S / Horario reservado para la docencia en inglés','Anglés Tècnic II-S / Horari reservat per a la docència en anglés'),(1177,'2453587668','0655','5','Gestión logística y comercial','Gestió logística i comercial'),(1178,'2453587668','0657','5','Proyecto de Administración y Finanzas','Projecte d\'Administració i finances'),(1179,'2453587668','0652','5','Gestión de recursos humanos','Gestió de recursos humans'),(1180,'2453587668','0653','5','Gestión financiera','Gestió financera '),(1181,'2453587668','0656','5','Simulación empresarial','Simulació empresarial'),(1182,'2453587668','0660','5','Formación en Centros de Trabajo','Formació en Centres de Treball'),(1183,'2453587668','0654','5','Contabilidad y fiscalidad','Comptabilitat i fiscalitat'),(1184,'2453587675','TU01CF','5','Tutoría Primero','Tutoria Primer'),(1185,'2453587675','CV0003','5','Inglés Técnico I-S / Horario reservado para la docencia en inglés','Inglés Técnico I-S / Horario reservado para la docencia en inglés'),(1186,'2453587675','0179','5','Inglés','Anglés'),(1187,'2453587675','0651','5','Comunicación y atención al cliente','Comunicació i atenció al client'),(1188,'2453587675','0658','5','Formación y orientación laboral','Formació i orientació laboral'),(1189,'2453587675','0650','5','Proceso integral de la actividad comercial','Procés integral de l\'activitat comercial'),(1190,'2453587675','0648','5','Recursos humanos y responsabilidad social corporativa','Recursos humans i responsabilitat social corporativa '),(1191,'2453587675','0649','5','Ofimática y proceso de la información','Ofimàtica i procés de la informació'),(1192,'2453587675','0647','5','Gestión de la documentación jurídica y empresarial','Gestió de la documentació jurídica i empresarial'),(1193,'2453587591','TU02CF','5','Tutoría Segundo','Tutoria Segon'),(1194,'2453587591','CV0002','5','Inglés Técnico II-M / Horario reservado para la docencia en inglés','Anglés Tècnic II-M / Horari reservat per a la docència en anglés'),(1195,'2453587591','0446','5','Empresa en el aula','Empresa en l\'aula'),(1196,'2453587591','0443','5','Tratamiento de la documentación contable','Tractament de la documentació comptable'),(1197,'2453587591','0442','5','Operaciones administrativas de recursos humanos','Operacions administratives de recursos humans'),(1198,'2453587591','0451','5','Formación en centros de trabajo','Formació en centres de treball'),(1199,'2453587591','0448','5','Operaciones auxiliares de gestión de tesorería','Operacions auxiliars de gestió de tresoreria'),(1200,'2453587584','TU01CF','5','Tutoría Primero','Tutoria Primer'),(1201,'2453587584','CV0001','5','Inglés Técnico I-M / Horario reservado para la docencia en inglés','Anglés Tècnic I-M / Horari reservat per a la docència en anglés'),(1202,'2453587584','0437','5','Comunicación empresarial y atención al cliente','Comunicació empresarial i atenció al client'),(1203,'2453587584','0449','5','Formación y orientación laboral','Formació i orientació laboral'),(1204,'2453587584','0441','5','Técnica contable','Tècnica comptable'),(1205,'2453587584','0439','5','Empresa y administración','Empresa i administració'),(1206,'2453587584','0438','5','Operaciones administrativa de compra-venta','Operacions administrativa de compra-venda'),(1207,'2453587584','0440','5','Tratamiento informático de la información ','Tractament informàtic de la informació '),(1208,'2453587584','0156','5','Inglés','Anglés'),(1209,'2453592406','TU02CF','5','Tutoría Segundo','Tutoria Segon'),(1210,'2453592406','CV0002','5','Inglés Técnico II-M / Horario reservado para la docencia en inglés','Anglés Tècnic II-M / Horari reservat per a la docència en anglés'),(1211,'2453592406','0230','5','Empresa e iniciativa emprendedora','Empresa i iniciativa emprenedora'),(1212,'2453592406','0228','5','Aplicaciones web','Aplicacions web'),(1213,'2453592406','0226','5','Seguridad informática','Seguretat informàtica'),(1214,'2453592406','0224','5','Sistemas operativos en red','Sistemes operatius en xarxa'),(1215,'2453592406','0231','5','Formación en Centros de Trabajo','Formació en Centres de Treball'),(1216,'2453592406','0227','5','Servicios en red','Servicis en xarxa'),(1217,'2453592399','TU01CF','5','Tutoría Primero','Tutoria Primer'),(1218,'2453592399','CV0001','5','Inglés Técnico I-M / Horario reservado para la docencia en inglés','Anglés Tècnic I-M / Horari reservat per a la docència en anglés'),(1219,'2453592399','0225','5','Redes locales','Xarxes locals'),(1220,'2453592399','0223','5','Aplicaciones ofimáticas','Aplicacions ofimàtiques'),(1221,'2453592399','0221','5','Montaje y mantenimiento de equipos','Muntatge i manteniment d\'equips'),(1222,'2453592399','0229','5','Formación y orientación laboral','Formació i orientació laboral'),(1223,'2453592399','0222','5','Sistemas operativos monopuesto','Sistemes operatius monolloc'),(1224,'2453592336','TU02CF','5','Tutoría Segundo','Tutoria Segon'),(1225,'2453592336','3012e','5','Lengua Extranjera II','Llengua Estrangera II'),(1226,'2453592336','3012','5','Comunicación y Sociedad II','Comunicació i Societat II'),(1227,'2453592336','3012s','5','Ciencias Sociales II','Ciències Socials II'),(1228,'2453592336','3012cv','5','Castellano-Valenciano II','Castellà-Valencià II'),(1229,'2453592336','CV0006','5','Formación y Orientación Laboral II','Formació i Orientació Laboral II'),(1230,'2453592336','3019','5','Ciencias Aplicadas II','Ciències Aplicades II'),(1231,'2453592336','3016','5','Instalación y mantenimiento de redes para transmisión de datos','Instal·lació i manteniment de xarxes per a transmissió de dades'),(1232,'2453592336','3030','5','Operaciones auxiliares para la configuración y la explotación','Operacions auxiliars per a la configuració i l\'explotació'),(1233,'2453592336','3033','5','Formación en centros de trabajo','Formació en centres de treball'),(1234,'2453592329','TU01CF','5','Tutoría Primero','Tutoria Primer'),(1235,'2453592329','3031','5','Ofimática y archivo de documentos','Ofimàtica i arxiu de documents'),(1236,'2453592329','3029','5','Montaje y mantenimiento de sistemas y componentes informáticos','Muntatge i manteniment de sistemes i components informàtics'),(1237,'2453592329','CV0005','5','Formación y orientación laboral ','Formació i orientació laboral '),(1238,'2453592329','3009','5','Ciencias Aplicadas I','Ciències aplicades I'),(1239,'2453592329','3011','5','Comunicación y Sociedad I','Comunicació i societat I'),(1240,'2453592329','3011s','5','Ciencias Sociales ','Ciències Socials '),(1241,'2453592329','3011e','5','Lengua Extranjera','Llengua Estrangera'),(1242,'2453592329','3011cv','5','Castellano-Valenciano','Castellà-Valencià'),(1243,'2453592465','TU02CF','5','Tutoría Segundo','Tutoria Segon'),(1244,'2453592465','CV0004','5','Inglés Técnico II-S / Horario reservado para la docencia en inglés','Anglés Tècnic II-S / Horari reservat per a la docència en anglés'),(1245,'2453592465','0495','5','Formación en centros de trabajo','Formació en centres de treball'),(1246,'2453592465','0492','5','Proyecto de desarrollo de aplicaciones multiplataforma','Projecte de desenrotllament d\'aplicacions multiplataforma'),(1247,'2453592465','0494','5','Empresa e iniciativa emprendedora','Empresa i iniciativa emprenedora'),(1248,'2453592465','0491','5','Sistemas de gestión empresarial','Sistemes de gestió empresarial'),(1249,'2453592465','0490','5','Programación de servicios y procesos','Programació de servicis i processos'),(1250,'2453592465','0489','5','Programación multimedia y dispositivos móviles','Programació multimèdia i dispositius mòbils'),(1251,'2453592465','0488','5','Desarrollo de interfaces','Desenrotllament d\'interfícies'),(1252,'2453592465','0486','5','Acceso a datos','Accés a dades'),(1253,'2453592458','TU01CF','5','Tutoría Primero','Tutoria Primer'),(1254,'2453592458','CV0003','5','Inglés Técnico I-S / Horario reservado para la docencia en inglés','Inglés Técnico I-S / Horario reservado para la docencia en inglés'),(1255,'2453592458','0373','5','Lenguajes de marcas y sistemas de gestión de información','Llenguatges de marques i sistemes de gestió d\'informació'),(1256,'2453592458','0487','5','Entornos de desarrollo','Entorns de desenrotllament'),(1257,'2453592458','0485','5','Programación','Programació'),(1258,'2453592458','0484','5','Bases de Datos','Bases de Dades'),(1259,'2453592458','0483','5','Sistemas informáticos','Sistemes informàtics'),(1260,'2453592458','0493','5','Formación y orientación laboral','Formació i orientació laboral');
/*!40000 ALTER TABLE `contenido` ENABLE KEYS */;
UNLOCK TABLES;

--
-- Table structure for table `cursos`
--

DROP TABLE IF EXISTS `cursos`;
/*!40101 SET @saved_cs_client     = @@character_set_client */;
/*!50503 SET character_set_client = utf8mb4 */;
CREATE TABLE `cursos` (
  `id` varchar(10) NOT NULL,
  `codigo` varchar(15) NOT NULL,
  `ensenanza` varchar(2) NOT NULL,
  `abreviatura` varchar(10) NOT NULL,
  `nombre_cas` varchar(100) NOT NULL,
  `nombre_val` varchar(100) NOT NULL,
  `idPadre` varchar(100) DEFAULT NULL,
  `curso_escolar` int(11) NOT NULL,
  PRIMARY KEY (`id`),
  KEY `idPadreReflexiva_idx` (`idPadre`)
) ENGINE=InnoDB DEFAULT CHARSET=utf8;
/*!40101 SET character_set_client = @saved_cs_client */;

--
-- Dumping data for table `cursos`
--

LOCK TABLES `cursos` WRITE;
/*!40000 ALTER TABLE `cursos` DISABLE KEYS */;
INSERT INTO `cursos` VALUES ('1949539185','1949539185','3','3ESO','Tercero','Tercer',' ',2018),('1949539199','1949539199','3','1ESO','Primero','Primer',' ',2018),('1949539212','1949539212','3','2ESO','Segundo','Segon',' ',2018),('1949539224','1949539224','3','4ESO','Cuarto','Quart',' ',2018),('1949539243','1949539243','3','PMAR','Programa de Mejora del aprendizaje y del rendimiento','Programa de millora del aprenentatge i del rendiment',' ',2018),('1949539245','1949539245','3','3ESO','3º ESO - PMAR Ámbitos','3r ESO - PMAR Àmbits','1949539243',2018),('1949539262','1949539262','3','PR4','Programa de Refuerzo Cuarto','Programa de Reforç Quart',' ',2018),('1949539264','1949539264','3','4ESO','4ESO (PR4)','4ESO (PR4)','1949539262',2018),('1949540387','1949540387','4','BAC','BACHILLERATO DE CIENCIAS','BATXILLERAT DE CIÈNCIES',' ',2018),('1949540389','1949540389','4','1BAC','PRIMERO BACH CIENCIAS ','PRIMER BATX CIÈNCIES ','1949540387',2018),('1949540403','1949540403','4','2BAC','SEGUNDO BACH CIENCIAS','SEGON BATX CIÈNCIES','1949540387',2018),('1949540511','1949540511','4','BAH','BACHILLERATO DE HUMANIDADES Y CIENCIAS SOCIALES','BATXILLERAT D\'HUMANITATS I CIÈNCIES SOCIALS',' ',2018),('1949540513','1949540513','4','2BAH','SEGUNDO BACH HUMANIDADES Y CIENCIAS SOCIALES','SEGON BATX HUMANITATS I CIÈNCIES SOCIALS','1949540511',2018),('1949540524','1949540524','4','1BAH','PRIMERO BACH HUMANIDADES Y CIENCIAS SOCIALES','PRIMER BATX. HUMANITATS I CIÈNCIES SOCIALS','1949540511',2018),('1949542042','1949542042','5','190','INFORMÁTICA Y COMUNICACIONES','INFORMÀTICA I COMUNICACIONS',' ',2018),('1949542044','1949542044','5','FPB','FP BÁSICA','FP BÀSICA','1949542042',2018),('1949542067','1949542067','5','97210A','INFORMÁTICA DE OFICINA','INFORMÀTICA D\'OFICINA','1949542044',2018),('1949542069','1949542069','5','1CFB','Primero','Primer','1949542067',2018),('1949542076','1949542076','5','2CFB','Segundo','Segon','1949542067',2018),('1949542114','1949542114','5','GM','GRADO MEDIO','GRAU MITJÀ','1949542042',2018),('1949542138','1949542138','5','707103','SISTEMAS MICROINFORMÁTICOS Y REDES','SISTEMES MICROINFORMÀTICS I XARXES','1949542114',2018),('1949542140','1949542140','5','1CFM','Primero','Primer','1949542138',2018),('1949542147','1949542147','5','2CFM','Segundo','Segon','1949542138',2018),('1949542164','1949542164','5','GS','GRADO SUPERIOR','GRAU SUPERIOR','1949542042',2018),('1949542195','1949542195','5','836104','DESARROLLO DE APLICACIONES MULTIPLATAFORMA','DESENROTLLAMENT D\'APLICACIONS MULTIPLATAFORMA','1949542164',2018),('1949542197','1949542197','5','1CFS','Primero','Primer','1949542195',2018),('1949542204','1949542204','5','2CFS','Segundo','Segon','1949542195',2018),('1949544249','1949544249','5','001','ADMINISTRACIÓN Y GESTIÓN','ADMINISTRACIÓ I GESTIÓ',' ',2018),('1949544300','1949544300','5','GM','GRADO MEDIO','GRAU MITJÀ','1949544249',2018),('1949544331','1949544331','5','472103','GESTIÓN ADMINISTRATIVA (LOE)','GESTIÓ ADMINISTRATIVA (LOE)','1949544300',2018),('1949544333','1949544333','5','1CFM','Primero','Primer','1949544331',2018),('1949544340','1949544340','5','2CFM','Segundo','Segon','1949544331',2018),('1949544364','1949544364','5','GS','GRADO SUPERIOR','GRAU SUPERIOR','1949544249',2018),('1949544415','1949544415','5','441104','ADMINISTRACIÓN Y FINANZAS (LOE)','ADMINISTRACIÓ I FINANCES (LOE)','1949544364',2018),('1949544417','1949544417','5','2CFS','Segundo','Segon','1949544415',2018),('1949544424','1949544424','5','1CFS','Primero','Primer','1949544415',2018),('1949545365','1949545365','5','031','ELECTRICIDAD Y ELECTRÓNICA','ELECTRICITAT I ELECTRÒNICA',' ',2018),('1949545367','1949545367','5','FPB','FP BÁSICA','FP BÀSICA','1949545365',2018),('1949545369','1949545369','5','95610A','ELECTRICIDAD Y ELECTRÓNICA','ELECTRICITAT I ELECTRÒNICA','1949545367',2018),('1949545371','1949545371','5','1CFB','Primero','Primer','1949545369',2018),('1949545378','1949545378','5','2CFB','Segundo','Segon','1949545369',2018),('1949545683','1949545683','5','GM','GRADO MEDIO','GRAU MITJÀ','1949545365',2018),('1949571046','1949571046','6','190','INFORMÁTICA Y COMUNICACIONES','INFORMÀTICA I COMUNICACIONS',' ',2018),('2453583206','2453583206','3','3ESO','Tercero','Tercer',' ',2019),('2453583225','2453583225','3','1ESO','Primero','Primer',' ',2019),('2453583240','2453583240','3','2ESO','Segundo','Segon',' ',2019),('2453583254','2453583254','3','4ESO','Cuarto','Quart',' ',2019),('2453583282','2453583282','3','PMAR','Programa de Mejora del aprendizaje y del rendimiento','Programa de millora del aprenentatge i del rendiment',' ',2019),('2453583284','2453583284','3','3ESO','3º ESO - PMAR Ámbitos','3r ESO - PMAR Àmbits','2453583282',2019),('2453583303','2453583303','3','PR4','Programa de Refuerzo Cuarto','Programa de Reforç Quart',' ',2019),('2453583305','2453583305','3','4ESO','4ESO (PR4)','4ESO (PR4)','2453583303',2019),('2453584536','2453584536','4','BAC','BACHILLERATO DE CIENCIAS','BATXILLERAT DE CIÈNCIES',' ',2019),('2453584538','2453584538','4','1BAC','PRIMERO BACH CIENCIAS ','PRIMER BATX CIÈNCIES ','2453584536',2019),('2453584551','2453584551','4','2BAC','SEGUNDO BACH CIENCIAS','SEGON BATX CIÈNCIES','2453584536',2019),('2453584687','2453584687','4','BAH','BACHILLERATO DE HUMANIDADES Y CIENCIAS SOCIALES','BATXILLERAT D\'HUMANITATS I CIÈNCIES SOCIALS',' ',2019),('2453584689','2453584689','4','2BAH','SEGUNDO BACH HUMANIDADES Y CIENCIAS SOCIALES','SEGON BATX HUMANITATS I CIÈNCIES SOCIALS','2453584687',2019),('2453584709','2453584709','4','1BAH','PRIMERO BACH HUMANIDADES Y CIENCIAS SOCIALES','PRIMER BATX. HUMANITATS I CIÈNCIES SOCIALS','2453584687',2019),('2453585975','2453585975','5','031','ELECTRICIDAD Y ELECTRÓNICA','ELECTRICITAT I ELECTRÒNICA',' ',2019),('2453585977','2453585977','5','FPB','FP BÁSICA','FP BÀSICA','2453585975',2019),('2453585979','2453585979','5','95610A','ELECTRICIDAD Y ELECTRÓNICA','ELECTRICITAT I ELECTRÒNICA','2453585977',2019),('2453585981','2453585981','5','1CFB','Primero','Primer','2453585979',2019),('2453585988','2453585988','5','2CFB','Segundo','Segon','2453585979',2019),('2453586299','2453586299','5','GM','GRADO MEDIO','GRAU MITJÀ','2453585975',2019),('2453587501','2453587501','5','001','ADMINISTRACIÓN Y GESTIÓN','ADMINISTRACIÓ I GESTIÓ',' ',2019),('2453587552','2453587552','5','GM','GRADO MEDIO','GRAU MITJÀ','2453587501',2019),('2453587582','2453587582','5','472103','GESTIÓN ADMINISTRATIVA (LOE)','GESTIÓ ADMINISTRATIVA (LOE)','2453587552',2019),('2453587584','2453587584','5','1CFM','Primero','Primer','2453587582',2019),('2453587591','2453587591','5','2CFM','Segundo','Segon','2453587582',2019),('2453587615','2453587615','5','GS','GRADO SUPERIOR','GRAU SUPERIOR','2453587501',2019),('2453587666','2453587666','5','441104','ADMINISTRACIÓN Y FINANZAS (LOE)','ADMINISTRACIÓ I FINANCES (LOE)','2453587615',2019),('2453587668','2453587668','5','2CFS','Segundo','Segon','2453587666',2019),('2453587675','2453587675','5','1CFS','Primero','Primer','2453587666',2019),('2453592302','2453592302','5','190','INFORMÁTICA Y COMUNICACIONES','INFORMÀTICA I COMUNICACIONS',' ',2019),('2453592304','2453592304','5','FPB','FP BÁSICA','FP BÀSICA','2453592302',2019),('2453592327','2453592327','5','97210A','INFORMÁTICA DE OFICINA','INFORMÀTICA D\'OFICINA','2453592304',2019),('2453592329','2453592329','5','1CFB','Primero','Primer','2453592327',2019),('2453592336','2453592336','5','2CFB','Segundo','Segon','2453592327',2019),('2453592374','2453592374','5','GM','GRADO MEDIO','GRAU MITJÀ','2453592302',2019),('2453592397','2453592397','5','707103','SISTEMAS MICROINFORMÁTICOS Y REDES','SISTEMES MICROINFORMÀTICS I XARXES','2453592374',2019),('2453592399','2453592399','5','1CFM','Primero','Primer','2453592397',2019),('2453592406','2453592406','5','2CFM','Segundo','Segon','2453592397',2019),('2453592423','2453592423','5','GS','GRADO SUPERIOR','GRAU SUPERIOR','2453592302',2019),('2453592456','2453592456','5','836104','DESARROLLO DE APLICACIONES MULTIPLATAFORMA','DESENROTLLAMENT D\'APLICACIONS MULTIPLATAFORMA','2453592423',2019),('2453592458','2453592458','5','1CFS','Primero','Primer','2453592456',2019),('2453592465','2453592465','5','2CFS','Segundo','Segon','2453592456',2019),('2453619337','2453619337','6','190','INFORMÁTICA Y COMUNICACIONES','INFORMÀTICA I COMUNICACIONS',' ',2019);
/*!40000 ALTER TABLE `cursos` ENABLE KEYS */;
UNLOCK TABLES;

--
-- Table structure for table `ejemplares`
--

DROP TABLE IF EXISTS `ejemplares`;
/*!40101 SET @saved_cs_client     = @@character_set_client */;
/*!50503 SET character_set_client = utf8mb4 */;
CREATE TABLE `ejemplares` (
  `id` varchar(100) NOT NULL,
  `codigo` varchar(100) NOT NULL,
  `id_libro` varchar(100) NOT NULL,
  `estado` int(11) NOT NULL,
  `prestado` tinyint(1) NOT NULL,
  PRIMARY KEY (`id`),
  KEY `id_libro_rel` (`id_libro`),
  CONSTRAINT `ejemplarLibro` FOREIGN KEY (`id_libro`) REFERENCES `libros` (`id`) ON DELETE CASCADE ON UPDATE CASCADE
) ENGINE=InnoDB DEFAULT CHARSET=utf8;
/*!40101 SET character_set_client = @saved_cs_client */;

--
-- Dumping data for table `ejemplares`
--

LOCK TABLES `ejemplares` WRITE;
/*!40000 ALTER TABLE `ejemplares` DISABLE KEYS */;
INSERT INTO `ejemplares` VALUES ('dsds001','dsds001','dsds',0,0),('libro2001','libro2001','libro2',0,1),('libro2002','libro2002','libro2',0,1),('libro2003','libro2003','libro2',0,1),('libro2004','libro2004','libro2',0,1),('libro2005','libro2005','libro2',0,1),('libro2006','libro2006','libro2',0,1),('libro2007','libro2007','libro2',0,1),('libro2008','libro2008','libro2',0,1),('libro2009','libro2009','libro2',0,1),('libro2010','libro2010','libro2',0,1),('libro2011','libro2011','libro2',0,1),('libro2012','libro2012','libro2',0,0),('libro2013','libro2013','libro2',0,0),('libro2014','libro2014','libro2',0,0),('libro2015','libro2015','libro2',0,0),('MAT2V1-001','MAT2V1-001','MAT2V1-',2,1),('MAT2V1-002','MAT2V1-002','MAT2V1-',2,0),('MAT2V1-003','MAT2V1-003','MAT2V1-',2,0),('MAT3ESO-V1001','MAT3ESO-V1001','MAT3ESO-V1',2,0),('MAT3ESO-V2001','MAT3ESO-V2001','MAT3ESO-V2',2,0),('MAT3ESO001','MAT3ESO001','MAT3ESO',2,0),('MAT3ESO002','MAT3ESO002','MAT3ESO',2,0),('MAT3ESO003','MAT3ESO003','MAT3ESO',2,0),('MAT3ESO004','MAT3ESO004','MAT3ESO',2,0),('MAT3ESO005','MAT3ESO005','MAT3ESO',2,0),('MAT3ESO006','MAT3ESO006','MAT3ESO',2,0),('MAT3ESO007','MAT3ESO007','MAT3ESO',2,0),('MAT3ESO008','MAT3ESO008','MAT3ESO',2,0),('MAT3ESO009','MAT3ESO009','MAT3ESO',2,0),('MAT3ESO010','MAT3ESO010','MAT3ESO',2,0),('MAT3ESO011','MAT3ESO011','MAT3ESO',2,0),('PROVA1001','PROVA1001','PROVA1',2,0),('PROVA1002','PROVA1002','PROVA1',2,0),('PROVA1003','PROVA1003','PROVA1',2,0),('PROVAJOSERAUL001','PROVAJOSERAUL001','PROVAJOSERAUL',2,0),('ROBO2019001','ROBO2019001','ROBO2019',2,0),('ROBO4001','ROBO4001','ROBO4',2,0),('ROBO4002','ROBO4002','ROBO4',2,0),('ROBO4003','ROBO4003','ROBO4',2,0),('ROBO4004','ROBO4004','ROBO4',2,0),('ROBO4005','ROBO4005','ROBO4',2,0),('ROBO4006','ROBO4006','ROBO4',2,0),('ROBO4007','ROBO4007','ROBO4',2,0),('ROBO4008','ROBO4008','ROBO4',2,0),('ROBO4009','ROBO4009','ROBO4',2,0),('ROBO4010','ROBO4010','ROBO4',2,0);
/*!40000 ALTER TABLE `ejemplares` ENABLE KEYS */;
UNLOCK TABLES;

--
-- Table structure for table `grupos`
--

DROP TABLE IF EXISTS `grupos`;
/*!40101 SET @saved_cs_client     = @@character_set_client */;
/*!50503 SET character_set_client = utf8mb4 */;
CREATE TABLE `grupos` (
  `id` varchar(10) NOT NULL,
  `codigo` varchar(10) NOT NULL,
  `nombre` varchar(100) NOT NULL,
  `ensenanza` varchar(2) NOT NULL,
  `linea` varchar(2) NOT NULL,
  `turno` varchar(2) NOT NULL,
  `modalidad` varchar(5) NOT NULL,
  `aula` varchar(15) NOT NULL,
  `capacidad` smallint(6) NOT NULL,
  `tutor_ppal` varchar(10) NOT NULL,
  `tutor_sec` varchar(10) NOT NULL,
  `oficial` varchar(1) NOT NULL,
  PRIMARY KEY (`id`)
) ENGINE=InnoDB DEFAULT CHARSET=utf8;
/*!40101 SET character_set_client = @saved_cs_client */;

--
-- Dumping data for table `grupos`
--

LOCK TABLES `grupos` WRITE;
/*!40000 ALTER TABLE `grupos` DISABLE KEYS */;
INSERT INTO `grupos` VALUES ('1CFSN','1CFSN','1CFSN','','','','','',0,'','','');
/*!40000 ALTER TABLE `grupos` ENABLE KEYS */;
UNLOCK TABLES;

--
-- Table structure for table `historial`
--

DROP TABLE IF EXISTS `historial`;
/*!40101 SET @saved_cs_client     = @@character_set_client */;
/*!50503 SET character_set_client = utf8mb4 */;
CREATE TABLE `historial` (
  `id` int(11) NOT NULL AUTO_INCREMENT,
  `id_ejemplar` varchar(100) DEFAULT NULL,
  `id_alumno` varchar(10) NOT NULL,
  `curso_escolar` int(11) NOT NULL,
  `estado_inicial` int(11) NOT NULL,
  `estado_final` int(11) DEFAULT NULL,
  `fecha_inicial` datetime NOT NULL,
  `fecha_final` datetime DEFAULT NULL,
  `observaciones` varchar(500) NOT NULL,
  PRIMARY KEY (`id`),
  KEY `id_inventario_rel` (`id_ejemplar`),
  KEY `id_alumno_rel` (`id_alumno`),
  CONSTRAINT `historialAlumno` FOREIGN KEY (`id_alumno`) REFERENCES `alumnos` (`id`) ON DELETE CASCADE ON UPDATE CASCADE,
  CONSTRAINT `historialEjemplar` FOREIGN KEY (`id_ejemplar`) REFERENCES `ejemplares` (`id`) ON DELETE CASCADE ON UPDATE CASCADE
) ENGINE=InnoDB AUTO_INCREMENT=9 DEFAULT CHARSET=utf8;
/*!40101 SET character_set_client = @saved_cs_client */;

--
-- Dumping data for table `historial`
--

LOCK TABLES `historial` WRITE;
/*!40000 ALTER TABLE `historial` DISABLE KEYS */;
INSERT INTO `historial` VALUES (1,'dsds001','11472519',0,0,NULL,'2019-05-16 12:00:00',NULL,''),(2,'libro2011','11472519',2020,0,NULL,'2020-05-10 18:13:50',NULL,'');
/*!40000 ALTER TABLE `historial` ENABLE KEYS */;
UNLOCK TABLES;

--
-- Table structure for table `libros`
--

DROP TABLE IF EXISTS `libros`;
/*!40101 SET @saved_cs_client     = @@character_set_client */;
/*!50503 SET character_set_client = utf8mb4 */;
CREATE TABLE `libros` (
  `id` varchar(50) NOT NULL,
  `codigo` varchar(50) NOT NULL,
  `id_contenido` int(11) NOT NULL,
  `nombre` varchar(100) NOT NULL,
  `ISBN` varchar(50) NOT NULL,
  `unidades` int(11) NOT NULL,
  `obsoleto` tinyint(1) NOT NULL,
  `precio` double NOT NULL,
  PRIMARY KEY (`id`),
  KEY `id_asignatura_rel` (`id_contenido`),
  CONSTRAINT `FKcm1qqb36e0drbcm0nwlauab29` FOREIGN KEY (`id_contenido`) REFERENCES `contenido` (`id`),
  CONSTRAINT `libroIDContenido` FOREIGN KEY (`id_contenido`) REFERENCES `contenido` (`id`)
) ENGINE=InnoDB DEFAULT CHARSET=utf8;
/*!40101 SET character_set_client = @saved_cs_client */;

--
-- Dumping data for table `libros`
--

LOCK TABLES `libros` WRITE;
/*!40000 ALTER TABLE `libros` DISABLE KEYS */;
INSERT INTO `libros` VALUES ('dsds','dsds',783,'libro1','sdsd',1,0,12),('libro2','libro2',782,'libro2','libro2',15,0,12),('libro3','libro3',780,'libro3','libro3',0,0,23),('libro4','libro4',784,'libro4','libro4',0,0,32),('libro5','libro5',780,'libro5','libro5',0,0,43),('MAT2V1-','MAT2V1-',910,'matematiques per volumns','1234',3,0,10),('MAT3ESO','MAT3ESO',490,'matematiques','123456',11,0,20),('MAT3ESO-V1','MAT3ESO-V1',910,'matematicas','234',1,0,0),('MAT3ESO-V2','MAT3ESO-V2',910,'matematicas','123',1,0,0),('PROVA1','PROVA1',1167,'prova1','prova1',3,0,10),('PROVAJOSERAUL','PROVAJOSERAUL',956,'provaJose Raula','1234',1,0,0),('ROBO2019','ROBO2019',953,'ROBORICA2019','2019',1,0,20),('ROBO4','ROBO4',513,'robotica 2018','2018',10,0,10);
/*!40000 ALTER TABLE `libros` ENABLE KEYS */;
UNLOCK TABLES;

--
-- Table structure for table `matricula`
--

DROP TABLE IF EXISTS `matricula`;
/*!40101 SET @saved_cs_client     = @@character_set_client */;
/*!50503 SET character_set_client = utf8mb4 */;
CREATE TABLE `matricula` (
  `id` int(11) NOT NULL AUTO_INCREMENT,
  `curso_escolar` int(11) NOT NULL,
  `id_alumno` varchar(10) NOT NULL,
  `ensenanza` varchar(2) NOT NULL,
  `curso` varchar(10) NOT NULL,
  `contenido` int(11) NOT NULL,
  `idioma` varchar(25) NOT NULL,
  `tipo_basico` varchar(50) NOT NULL,
  `tipo_predom` varchar(50) NOT NULL,
  `acis` varchar(25) NOT NULL,
  `fec_ini_acis` datetime NOT NULL,
  `fec_fin_acis` datetime NOT NULL,
  `cur_ref_acis` varchar(25) NOT NULL,
  `curso_pendiente` varchar(10) NOT NULL,
  PRIMARY KEY (`id`),
  KEY `id_alumno_rel_2` (`id_alumno`),
  KEY `id_contenido_rel` (`contenido`),
  KEY `matrilculaCurso_idx` (`curso`),
  CONSTRAINT `FKpmmj4cfy7r1lepuxysx08ffl3` FOREIGN KEY (`contenido`) REFERENCES `contenido` (`id`),
  CONSTRAINT `matriCulaContenido` FOREIGN KEY (`contenido`) REFERENCES `contenido` (`id`),
  CONSTRAINT `matrilculaCurso` FOREIGN KEY (`curso`) REFERENCES `cursos` (`id`) ON DELETE CASCADE ON UPDATE CASCADE,
  CONSTRAINT `matrilculaIDAlumno` FOREIGN KEY (`id_alumno`) REFERENCES `alumnos` (`id`) ON DELETE CASCADE ON UPDATE CASCADE
) ENGINE=InnoDB AUTO_INCREMENT=8397 DEFAULT CHARSET=utf8;
/*!40101 SET character_set_client = @saved_cs_client */;

--
-- Dumping data for table `matricula`
--

LOCK TABLES `matricula` WRITE;
/*!40000 ALTER TABLE `matricula` DISABLE KEYS */;
INSERT INTO `matricula` VALUES (1639,2018,'10238383','5','1949542197',783,' ','N',' ','N','2000-01-01 00:00:00','2000-01-01 00:00:00',' ',' '),(1642,2018,'11472519','5','1949542197',783,' ','N',' ','N','2000-01-01 00:00:00','2000-01-01 00:00:00',' ',' '),(1664,2018,'10238383','5','1949542197',784,' ','N',' ','N','2000-01-01 00:00:00','2000-01-01 00:00:00',' ',' '),(1667,2018,'11472519','5','1949542197',784,' ','N',' ','N','2000-01-01 00:00:00','2000-01-01 00:00:00',' ',' '),(4926,2018,'10238383','5','1949542197',778,' ','N',' ','N','2000-01-01 00:00:00','2000-01-01 00:00:00',' ',' '),(4929,2018,'11472519','5','1949542197',778,' ','N',' ','N','2000-01-01 00:00:00','2000-01-01 00:00:00',' ',' '),(5370,2018,'10238383','5','1949542197',779,' ','N',' ','N','2000-01-01 00:00:00','2000-01-01 00:00:00',' ',' '),(5373,2018,'11472519','5','1949542197',779,' ','N',' ','N','2000-01-01 00:00:00','2000-01-01 00:00:00',' ',' '),(5588,2018,'10238383','5','1949542197',781,' ','N',' ','N','2000-01-01 00:00:00','2000-01-01 00:00:00',' ',' '),(5591,2018,'11472519','5','1949542197',781,' ','N',' ','N','2000-01-01 00:00:00','2000-01-01 00:00:00',' ',' '),(5614,2018,'10238383','5','1949542197',782,' ','N',' ','N','2000-01-01 00:00:00','2000-01-01 00:00:00',' ',' '),(5617,2018,'11472519','5','1949542197',782,' ','N',' ','N','2000-01-01 00:00:00','2000-01-01 00:00:00',' ',' '),(6912,2018,'10238383','5','1949542197',785,' ','N',' ','N','2000-01-01 00:00:00','2000-01-01 00:00:00',' ',' '),(6915,2018,'11472519','5','1949542197',785,' ','N','C','N','2000-01-01 00:00:00','2000-01-01 00:00:00',' ',' '),(8393,2018,'11472519','5','1949542197',780,' ','N',' ','N','2000-01-01 00:00:00','2000-01-01 00:00:00',' ',' '),(8396,2018,'10238383','5','1949542197',780,' ','N',' ','N','2000-01-01 00:00:00','2000-01-01 00:00:00',' ',' ');
/*!40000 ALTER TABLE `matricula` ENABLE KEYS */;
UNLOCK TABLES;
/*!40103 SET TIME_ZONE=@OLD_TIME_ZONE */;

/*!40101 SET SQL_MODE=@OLD_SQL_MODE */;
/*!40014 SET FOREIGN_KEY_CHECKS=@OLD_FOREIGN_KEY_CHECKS */;
/*!40014 SET UNIQUE_CHECKS=@OLD_UNIQUE_CHECKS */;
/*!40101 SET CHARACTER_SET_CLIENT=@OLD_CHARACTER_SET_CLIENT */;
/*!40101 SET CHARACTER_SET_RESULTS=@OLD_CHARACTER_SET_RESULTS */;
/*!40101 SET COLLATION_CONNECTION=@OLD_COLLATION_CONNECTION */;
/*!40111 SET SQL_NOTES=@OLD_SQL_NOTES */;

-- Dump completed on 2020-05-10 18:44:19
